Office_Nam,District,District_old,cityblock,Address,Latitude,Longitude,print,Pricepre,Price,Avg_HousePrice,weibo_count,center_dis,center_FID,Subway_Dispre,Subway_Dis,busstation_Countpre,busstation_Count,bank_Countpre,bank_Count,shopping_Count,food_Countpre,food_Count,Residential_Count,firm_Count,education_Count,空间多样性,基础服务多样性,基础服务内容,企业服务多样性,企业服务内容,写字楼面积,写字楼电梯数量
创客邦（华夏幸福创新中心）,5,丰台,科技园区,汽车博物馆西路8号院,39.82211786,116.2948976,11,5.319148936,1100,"58,355.19",19,0.133251232,6,10.58929814,438.18,1.257861635,2,0,0,1,0.225035162,8,1,0,0,4,25,前台接见 办公家具 复印打印 传真 办公宽带 WIFI 会议室 洽谈室 视频远程会议 多功能厅 咖啡厅 茶水间 书吧 休闲区 健身设施 中央空调 空气净化器 自动售卖机 微波炉 冰箱 卫生间配套 办公清,0, , ,0
太库科技孵化器（华夏幸福创新中心）,5,丰台,科技园区,汽车博物馆西路8号院,39.82276686,116.2950456,12,6.382978723,1200,"58,260.49",17,0.132722366,6,10.36148991,428.85,1.257861635,2,0,0,1,0.281293952,10,1,0,0,5,25,前台接见 办公家具 复印打印 传真 办公宽带 WIFI 会议室 洽谈室 视频远程会议 多功能厅 咖啡厅 茶水间 书吧 休闲区 健身设施 中央空调 空气净化器 自动售卖机 微波炉 冰箱 卫生间配套 办公清,13,公司年检 法律咨询 财税代理 人事代理 人力招聘 投融资服务 运营服务 营销推荐 商务聚会 宣传设计 政策申请 创业辅导 政策顾问, ,0
启迪汇威孵化器(汉威国际广场),5,丰台,科技园区,南四环西路186号,39.82678935,116.28901,12,6.382978723,1200,"56,939.40",27,0.134978832,6,8.01650572,332.81,8.805031447,14,11.11111111,7,7,1.406469761,50,10,8,0,5,16,前台接见 办公家具 复印打印 办公宽带 WIFI 会议室 咖啡厅 茶水间 书吧 休闲区 健身设施 中央空调 空气净化器 卫生间配套 办公清洁 饮用水,13,公司年检 法律咨询 财税代理 人事代理 人力招聘 投融资服务 运营服务 营销推荐 商务聚会 宣传设计 政策申请 创业辅导 政策顾问,600000,36
摩天之星（时代财富天地）,5,丰台,科技园区,航丰路1号,39.83065696,116.2802917,14,8.510638298,1400,"53,852.45",191,0.137727571,5,10.3570949,428.67,18.86792453,30,22.22222222,14,11,6.075949367,216,24,0,0,6,25,前台接见 办公家具 复印打印 传真 办公宽带 WIFI 会议室 洽谈室 视频远程会议 多功能厅 咖啡厅 茶水间 书吧 休闲区 健身设施 中央空调 空气净化器 自动售卖机 微波炉 冰箱 卫生间配套 办公清,13,公司年检 法律咨询 财税代理 人事代理 人力招聘 投融资服务 运营服务 营销推荐 商务聚会 宣传设计 政策申请 创业辅导 政策顾问,110000,10
永乐文化创客空间,5,丰台,其他,造甲街110号,39.84286421,116.2899816,10,4.255319149,1000,"56,845.67",303,0.122151554,5,6.653807181,277,16.35220126,26,1.587301587,1,41,11.61744023,413,59,21,0,5,21,前台接见 办公家具 复印打印 传真 办公宽带 WIFI 会议室 洽谈室 视频远程会议 多功能厅 咖啡厅 茶水间 书吧 休闲区 健身设施 中央空调 空气净化器 微波炉 冰箱 卫生间配套 办公清洁,13,公司年检 法律咨询 财税代理 人事代理 人力招聘 投融资服务 运营服务 营销推荐 商务聚会 宣传设计 政策申请 创业辅导 政策顾问, ,0
中关村海淀创业园（焦奥）分园（焦奥中心）,3,朝阳,其他,化工路59号,39.84976604,116.5258588,12,6.382978723,1200,"48,897.00",65,0.103902654,1,10.11878746,418.91,11.32075472,18,0,0,14,2.475386779,88,2,0,2,4,18,前台接见 办公家具 复印打印 传真 办公宽带 WIFI 会议室 洽谈室 茶水间 休闲区 中央空调 空气净化器 自动售卖机 微波炉 冰箱 卫生间配套 办公清洁 饮用水,0, ,150000,6
优客工场（云谷电子商务产业园）,5,丰台,方庄,南方庄56号院,39.85379004,116.4296376,12,6.382978723,1200,"62,533.63",240,0.057307331,2,26.73828912,1099.57,41.50943396,66,4.761904762,3,54,19.07172996,678,111,2,1,4,22,前台接见 办公家具 复印打印 传真 办公宽带 WIFI 会议室 洽谈室 视频远程会议 多功能厅 咖啡厅 茶水间 书吧 休闲区 中央空调 空气净化器 自动售卖机 微波炉 冰箱 卫生间配套 办公清洁 饮用水,0, ,30000,0
梦想加（聚杰金融大厦）,5,丰台,丽泽桥,丽泽路和菜户营路交叉处西南角700米,39.85997465,116.3441814,15,9.574468085,1500,"69,913.42",38,0.07120134,6,9.653160137,399.84,7.547169811,12,1.587301587,1,8,5.147679325,183,9,1,8,10,18,前台接见 办公家具 复印打印 传真 办公宽带 WIFI 会议室 洽谈室 茶水间 休闲区 中央空调 空气净化器 自动售卖机 微波炉 冰箱 卫生间配套 办公清洁 饮用水,0, ,196085,0
嗨淘客众创空间(高和?蓝峰),3,朝阳,十里河,朝阳区区东三环南路98号,39.86486782,116.455818,19,13.82978723,1900,"58,093.25",166,0.060601792,2,6.907741329,287.4,44.65408805,71,20.63492063,13,17,16.82137834,598,29,1,0,2,7,会议室 洽谈室 咖啡厅 茶水间 书吧 休闲区 饮用水,0, ,43500,3
瀚海众创空间（瀚海花园大厦）,5,丰台,右安门,开阳路1号,39.86708749,116.3676534,7,1.063829787,700,"87,021.04",157,0.050061687,6,14.60536436,602.66,30.81761006,49,14.28571429,9,32,12.43319269,442,70,0,0,1,25,前台接见 办公家具 复印打印 传真 办公宽带 WIFI 会议室 洽谈室 视频远程会议 多功能厅 咖啡厅 茶水间 书吧 休闲区 健身设施 中央空调 空气净化器 自动售卖机 微波炉 冰箱 卫生间配套 办公清,0, ,32000,3
尚科创业社区（尚科创业社区（上地））,4,海淀,上地,东北旺西路58号中外运联想物流中心,40.04328,116.293572,13,7.446808511,1300,"86,077.22",188,0.051359319,6,20.70808561,852.6,30.18867925,48,17.46031746,11,34,15.07735584,536,85,0,0,8,17,前台接见 办公家具 复印打印 传真 办公宽带 WIFI 会议室 洽谈室 茶水间 休闲区 中央空调 空气净化器 微波炉 冰箱 卫生间配套 办公清洁 饮用水,0, ,25000,0
中新合创（古隆盛商务楼）,3,朝阳,十里河,莫泰酒店（十里河分店）西50米,39.86984361,116.4458138,12,6.382978723,1200,"67,758.59",83,0.050272121,2,21.74799477,895.19,9.433962264,15,4.761904762,3,24,9.760900141,347,64,0,2,2,18,前台接见 办公家具 复印打印 传真 办公宽带 WIFI 会议室 洽谈室 咖啡厅 茶水间 书吧 休闲区 中央空调 微波炉 冰箱 卫生间配套 办公清洁 饮用水,13,公司年检 法律咨询 财税代理 人事代理 人力招聘 投融资服务 运营服务 营销推荐 商务聚会 宣传设计 政策申请 创业辅导 政策顾问, ,0
创融云巢（首科大厦）,5,丰台,六里桥,西三环南路14号,39.87587145,116.306895,13,7.446808511,1300,"73,659.29",320,0.085742156,5,24.21481852,996.22,61.63522013,98,9.523809524,6,15,11.44866385,407,57,1,0,5,25,前台接见 办公家具 复印打印 传真 办公宽带 WIFI 会议室 洽谈室 视频远程会议 多功能厅 咖啡厅 茶水间 书吧 休闲区 健身设施 中央空调 空气净化器 自动售卖机 微波炉 冰箱 卫生间配套 办公清,0, ,106284,12
梦想加（天桥艺术加）,2,西城,其他,福长街47号,39.88132921,116.3889723,16,10.63829787,1600,"102,534.75",253,0.027433653,6,21.45157549,883.05,67.29559748,107,28.57142857,18,68,20.11251758,715,89,0,10,7,25,前台接见 办公家具 复印打印 传真 办公宽带 WIFI 会议室 洽谈室 视频远程会议 多功能厅 咖啡厅 茶水间 书吧 休闲区 健身设施 中央空调 空气净化器 自动售卖机 微波炉 冰箱 卫生间配套 办公清,13,公司年检 法律咨询 财税代理 人事代理 人力招聘 投融资服务 运营服务 营销推荐 商务聚会 宣传设计 政策申请 创业辅导 政策顾问, ,0
天空space（天玉大厦）,1,东城,光明楼,光明路11号,39.88339975,116.4307857,11,5.319148936,1100,"84,622.74",171,0.030457934,2,21.80293245,897.44,29.55974843,47,17.46031746,11,39,17.44022504,620,104,2,1,13,17,前台接见 办公家具 复印打印 传真 办公宽带 WIFI 会议室 洽谈室 茶水间 休闲区 中央空调 空气净化器 自动售卖机 微波炉 冰箱 卫生间配套 办公清洁,0, ,26000,4
wehome联合办公（德必WE”国际文化创意中心（龙潭））,1,东城,其他,光明西街1号,39.88352675,116.4288437,15,9.574468085,1500,"85,901.50",210,0.029341105,2,21.04576919,866.43,40.88050314,65,17.46031746,11,36,17.46835443,621,101,2,0,4,22,前台接见 办公家具 复印打印 传真 办公宽带 WIFI 会议室 洽谈室 视频远程会议 多功能厅 咖啡厅 茶水间 书吧 休闲区 中央空调 空气净化器 自动售卖机 微波炉 冰箱 卫生间配套 办公清洁 饮用水,0, ,8969.7,0
中远通达商务中心（凯旋城）,3,朝阳,亚运村,朝阳区北苑路170号（亚运村北小营）,39.88362117,116.4610728,15,9.574468085,1500,"70,839.64",238,0.053048664,7,14.32335095,591.11,33.96226415,54,17.46031746,11,28,21.68776371,771,139,0,2,1,17,前台接见 办公家具 复印打印 传真 办公宽带 WIFI 会议室 洽谈室 视频远程会议 多功能厅 咖啡厅 健身设施 中央空调 微波炉 冰箱 卫生间配套 办公清洁,12,公司年检 法律咨询 财税代理 人事代理 投融资服务 运营服务 营销推荐 商务聚会 宣传设计 政策申请 创业辅导 政策顾问,250000,2
中远通达商务中心（华腾北搪商务大厦）,3,朝阳,劲松,南磨房路37号,39.88362117,116.4610728,15,9.574468085,1500,"70,839.64",238,0.053048664,7,14.32335095,591.11,33.96226415,54,17.46031746,11,28,21.68776371,771,139,0,2,2,17,前台接见 办公家具 复印打印 传真 办公宽带 WIFI 会议室 洽谈室 视频远程会议 多功能厅 咖啡厅 健身设施 中央空调 微波炉 冰箱 卫生间配套 办公清洁,12,公司年检 法律咨询 财税代理 人事代理 投融资服务 运营服务 营销推荐 商务聚会 宣传设计 政策申请 创业辅导 政策顾问,50000,7
赢地空间·南磨房路（新华创意产业园）,3,朝阳,南磨房,南磨房路甲5号,39.88373889,116.4692301,16,10.63829787,1600,"71,563.93",353,0.057181186,3,4.999572707,209.25,47.16981132,75,6.349206349,4,22,13.44585091,478,93,1,0,8,19,前台接见 办公家具 复印打印 传真 办公宽带 WIFI 会议室 洽谈室 视频远程会议 茶水间 休闲区 中央空调 空气净化器 自动售卖机 微波炉 冰箱 卫生间配套 办公清洁 饮用水,0, , ,0
创富港（元大都）,3,朝阳,安贞,北土城东路4号院,39.88432689,116.4689341,15,9.574468085,1500,"72,104.72",362,0.056535475,3,6.228955818,259.6,28.93081761,46,9.523809524,6,19,13.19268636,469,89,2,0,2,25,前台接见 办公家具 复印打印 传真 办公宽带 WIFI 会议室 洽谈室 视频远程会议 多功能厅 咖啡厅 茶水间 书吧 休闲区 健身设施 中央空调 空气净化器 自动售卖机 微波炉 冰箱 卫生间配套 办公清,13,公司年检 法律咨询 财税代理 人事代理 人力招聘 投融资服务 运营服务 营销推荐 商务聚会 宣传设计 政策申请 创业辅导 政策顾问, ,0
创富港（和众天成）,3,朝阳,南磨房,南磨坊路平乐园甲5号,39.88432689,116.4689341,8,2.127659574,800,"72,104.72",362,0.056535475,3,6.228955818,259.6,28.93081761,46,9.523809524,6,19,13.19268636,469,89,2,0,10,25,前台接见 办公家具 复印打印 传真 办公宽带 WIFI 会议室 洽谈室 视频远程会议 多功能厅 咖啡厅 茶水间 书吧 休闲区 健身设施 中央空调 空气净化器 自动售卖机 微波炉 冰箱 卫生间配套 办公清,13,公司年检 法律咨询 财税代理 人事代理 人力招聘 投融资服务 运营服务 营销推荐 商务聚会 宣传设计 政策申请 创业辅导 政策顾问, ,0
wehome联合办公（德必WE”国际创意中心（天坛））,1,东城,天坛,法华寺街91号,39.88603452,116.4160369,20,14.89361702,2000,"90,261.96",208,0.023035813,2,11.11206065,459.59,49.68553459,79,9.523809524,6,38,12.82700422,456,45,0,0,7,25,前台接见 办公家具 复印打印 传真 办公宽带 WIFI 会议室 洽谈室 视频远程会议 多功能厅 咖啡厅 茶水间 书吧 休闲区 健身设施 中央空调 空气净化器 自动售卖机 微波炉 冰箱 卫生间配套 办公清,0, , ,0
中远通达商务中心(珠江帝景1号商务公寓),3,朝阳,双井,广渠路28号院甲201,39.88698624,116.4777362,10,4.255319149,1000,"76,151.37",304,0.057059571,3,15.60400923,643.56,6.289308176,10,3.174603175,2,115,9.929676512,353,39,1,0,6,22,前台接见 办公家具 复印打印 传真 办公宽带 WIFI 会议室 洽谈室 视频远程会议 多功能厅 咖啡厅 茶水间 休闲区 健身设施 中央空调 微波炉 冰箱 卫生间配套 办公清洁 茶点 免费咖啡 饮用水,12,公司年检 法律咨询 财税代理 人事代理 投融资服务 运营服务 营销推荐 商务聚会 宣传设计 政策申请 创业辅导 政策顾问,1000000,4
你的空间（国投财富广场）,5,丰台,六里桥,丰台区广安路9号,39.88992785,116.3172373,15,9.574468085,1500,"93,087.13",190,0.068342125,5,10.36173408,428.86,70.44025157,112,17.46031746,11,37,14.34599156,510,49,1,0,3,18,前台接见 办公家具 复印打印 传真 办公宽带 WIFI 会议室 洽谈室 视频远程会议 多功能厅 茶水间 休闲区 健身设施 中央空调 微波炉 冰箱 卫生间配套 办公清洁,0, ,203785,3
Distrii办伴－双井佳龙大厦办公空间,3,朝阳,双井,东三环南路1号院2,39.89168315,116.4540579,18,12.76595745,1800,"76,228.27",432,0.042902298,7,4.06660888,171.04,56.60377358,90,28.57142857,18,78,54.28973277,"1,930",131,0,0,17,10,前台接见 办公家具 复印打印 传真 办公宽带 WIFI 会议室 洽谈室 视频远程会议 多功能厅,0, ,26000,3
创享界WeWa（北京佳兆业广场）,3,朝阳,大望路,西大望路,39.89189685,116.4714611,23,18.08510638,2300,"74,841.52",402,0.050108891,3,0,4.49,37.10691824,59,25.3968254,16,31,23.26300985,827,56,1,1,13,22,前台接见 办公家具 复印打印 传真 办公宽带 WIFI 会议室 洽谈室 视频远程会议 多功能厅 咖啡厅 茶水间 书吧 休闲区 中央空调 空气净化器 自动售卖机 微波炉 冰箱 卫生间配套 办公清洁 饮用水,13,公司年检 法律咨询 财税代理 人事代理 人力招聘 投融资服务 运营服务 营销推荐 商务聚会 宣传设计 政策申请 创业辅导 政策顾问,247000,7
HO-ME创客空间（竞园国际影像产业基地 ）,3,朝阳,百子湾,广渠路3号,39.89215894,116.5045574,15,9.574468085,1500,"65,058.78",208,0.061845361,1,12.29505195,508.04,10.06289308,16,1.587301587,1,16,4.078762307,145,12,0,0,4,24,前台接见 办公家具 复印打印 传真 办公宽带 WIFI 会议室 洽谈室 视频远程会议 多功能厅 咖啡厅 茶水间 书吧 休闲区 健身设施 中央空调 空气净化器 自动售卖机 微波炉 冰箱 卫生间配套 办公清,0, ,60000,1
创富港（赛洛一号）,3,朝阳,百子湾,广渠路9号附近,39.89218705,116.4971127,7,1.063829787,700,"67,754.97",218,0.063507669,1,2.185298678,93.99,10.06289308,16,7.936507937,5,33,10.29535865,366,43,6,0,15,25,前台接见 办公家具 复印打印 传真 办公宽带 WIFI 会议室 洽谈室 视频远程会议 多功能厅 咖啡厅 茶水间 书吧 休闲区 健身设施 中央空调 空气净化器 自动售卖机 微波炉 冰箱 卫生间配套 办公清,13,公司年检 法律咨询 财税代理 人事代理 人力招聘 投融资服务 运营服务 营销推荐 商务聚会 宣传设计 政策申请 创业辅导 政策顾问, ,0
CR Union（润联行·西堤红山）,2,西城,广安门外,西城区广安门外大街305号西堤红山11号楼,39.89242999,116.3291807,15,9.574468085,1500,"97,299.70",150,0.059040904,5,9.318650731,386.14,47.16981132,75,19.04761905,12,27,15.75246132,560,77,1,0,10,25,前台接见 办公家具 复印打印 传真 办公宽带 WIFI 会议室 洽谈室 视频远程会议 多功能厅 咖啡厅 茶水间 书吧 休闲区 健身设施 中央空调 空气净化器 自动售卖机 微波炉 冰箱 卫生间配套 办公清,0, , ,0
Distrii办伴－九龙山外企大厦办公空间,3,朝阳,大望路,西大望路15号,39.89258085,116.4709371,17,11.70212766,1700,"75,292.91",379,0.049285216,3,1.887170221,81.78,37.73584906,60,23.80952381,15,31,24.1068917,857,58,1,1,14,19,前台接见 办公家具 复印打印 传真 办公宽带 WIFI 会议室 洽谈室 视频远程会议 多功能厅 茶水间 休闲区 中央空调 自动售卖机 微波炉 冰箱 卫生间配套 办公清洁 饮用水,13,公司年检 法律咨询 财税代理 人事代理 人力招聘 投融资服务 运营服务 营销推荐 商务聚会 宣传设计 政策申请 创业辅导 政策顾问,87254,4
方胜创新创业孵化器（外企大厦）,3,朝阳,大望路,西大望路15号,39.89278285,116.4698461,24,19.14893617,2400,"77,187.86",367,0.048727658,3,4.280987902,179.82,37.73584906,60,25.3968254,16,36,25.48523207,906,61,1,1,6,18,前台接见 办公家具 复印打印 传真 办公宽带 WIFI 会议室 洽谈室 视频远程会议 多功能厅 茶水间 中央空调 微波炉 冰箱 卫生间配套 办公清洁 免费咖啡 饮用水,0, ,87254,4
雷格斯（乐成中心）,3,朝阳,双井,朝阳区东三环中路20号,39.89342915,116.4562629,40,36.17021277,4000,"77,253.40",475,0.044080538,7,3.231800369,136.85,52.83018868,84,38.0952381,24,87,57.41209564,"2,041",122,0,0,4,15,前台接见 办公家具 复印打印 传真 办公宽带 WIFI 会议室 洽谈室 视频远程会议 多功能厅 茶水间 中央空调 卫生间配套 办公清洁 饮用水,3,运营服务 营销推荐 商务聚会,73200,7
优客工场（大江胡同）,1,东城,前门,前门大街大江胡同131号,39.8937277,116.3927611,10,4.255319149,1000,"94,099.12",449,0.014469972,6,9.638998425,399.26,42.13836478,67,12.6984127,8,77,32.88326301,"1,169",6,0,0,19,15,前台接见 办公家具 复印打印 办公宽带 WIFI 会议室 洽谈室 茶水间 中央空调 自动售卖机 微波炉 冰箱 卫生间配套 办公清洁 饮用水,2,公司年检 人事代理, ,0
优客工场（鲜鱼口）,1,东城,前门,前南大街鲜鱼口93-2号,39.8937277,116.3927611,10,4.255319149,1000,"94,099.12",449,0.014469972,6,9.638998425,399.26,42.13836478,67,12.6984127,8,77,32.88326301,"1,169",6,0,0,12,15,前台接见 办公家具 复印打印 办公宽带 WIFI 会议室 洽谈室 茶水间 中央空调 空气净化器 自动售卖机 微波炉 卫生间配套 办公清洁 饮用水,5,公司年检 法律咨询 人事代理 人力招聘 运营服务, ,0
方糖小镇（兴隆国际大厦）,1,东城,东单,祈年大街18号,39.89392814,116.4062999,10,4.255319149,1000,"92,812.52",339,0.016340244,6,11.18286921,462.49,19.49685535,31,26.98412698,17,93,27.67932489,984,142,1,1,4,13,前台接见 办公家具 复印打印 办公宽带 WIFI 会议室 咖啡厅 茶水间 休闲区 中央空调 自动售卖机 办公清洁 饮用水,4,公司年检 法律咨询 投融资服务 营销推荐,58262.36,14
优客工场(正仁大厦),1,东城,崇文门,崇文门外大街9号,39.89411314,116.4118499,15,9.574468085,1500,"92,371.17",1142,0.01508946,2,5.991869224,249.89,41.50943396,66,41.26984127,26,122,84.47257384,"3,003",214,1,2,4,21,前台接见 办公家具 复印打印 传真 办公宽带 WIFI 会议室 洽谈室 视频远程会议 多功能厅 咖啡厅 茶水间 休闲区 中央空调 空气净化器 自动售卖机 微波炉 冰箱 卫生间配套 办公清洁 饮用水,13,公司年检 法律咨询 财税代理 人事代理 人力招聘 投融资服务 运营服务 营销推荐 商务聚会 宣传设计 政策申请 创业辅导 政策顾问,56351,6
WeWork（北京坊）,2,西城,西单,廊房头条21号院,39.8965852,116.3902154,33,28.72340426,3300,"102,745.63",441,0.012958298,6,6.291218518,262.15,58.49056604,93,12.6984127,8,88,32.65822785,"1,161",14,0,0,3,25,前台接见 办公家具 复印打印 传真 办公宽带 WIFI 会议室 洽谈室 视频远程会议 多功能厅 咖啡厅 茶水间 书吧 休闲区 健身设施 中央空调 空气净化器 自动售卖机 微波炉 冰箱 卫生间配套 办公清,0, , ,0
INNONATION Powerhouse创新国度动力空间（富力万丽酒店）,3,朝阳,双井,东三环中路61号,39.89722715,116.4548119,15,9.574468085,1500,"80,254.82",347,0.041247534,7,12.38832391,511.86,30.18867925,48,30.15873016,19,63,37.41209564,"1,330",117,0,0,6,22,前台接见 办公家具 复印打印 办公宽带 WIFI 会议室 洽谈室 视频远程会议 多功能厅 咖啡厅 茶水间 书吧 休闲区 健身设施 中央空调 微波炉 冰箱 卫生间配套 办公清洁 茶点 免费咖啡 饮用水,8,法律咨询 人事代理 人力招聘 投融资服务 运营服务 商务聚会 创业辅导 政策顾问, ,0
梦想加（金隅·大成国际中心）,3,朝阳,百子湾,东四环中路76号,39.89828598,116.4864535,17,11.70212766,1700,"70,819.23",480,0.051997236,3,17.36933989,715.86,10.06289308,16,11.11111111,7,41,21.96905767,781,30,0,1,6,25,前台接见 办公家具 复印打印 传真 办公宽带 WIFI 会议室 洽谈室 视频远程会议 多功能厅 咖啡厅 茶水间 书吧 休闲区 健身设施 中央空调 空气净化器 自动售卖机 微波炉 冰箱 卫生间配套 办公清,0, ,197425,2
方糖小镇（京粮大厦）,3,朝阳,双井,东三环中路16号,39.8990309,116.4563144,10,4.255319149,1000,"80,557.35",267,0.039866885,3,16.67443933,687.4,15.72327044,25,26.98412698,17,34,20.0281294,712,67,0,0,3,25,前台接见 办公家具 复印打印 传真 办公宽带 WIFI 会议室 洽谈室 视频远程会议 多功能厅 咖啡厅 茶水间 书吧 休闲区 健身设施 中央空调 空气净化器 自动售卖机 微波炉 冰箱 卫生间配套 办公清,13,公司年检 法律咨询 财税代理 人事代理 人力招聘 投融资服务 运营服务 营销推荐 商务聚会 宣传设计 政策申请 创业辅导 政策顾问,44000,4
趣空间（金隅·大成国际中心）,3,朝阳,百子湾,东四环中路76号,39.89910198,116.4867635,18,12.76595745,1800,"70,679.54",621,0.051560701,3,19.48822502,802.64,15.09433962,24,7.936507937,5,37,21.96905767,781,26,0,1,4,25,前台接见 办公家具 复印打印 传真 办公宽带 WIFI 会议室 洽谈室 视频远程会议 多功能厅 咖啡厅 茶水间 书吧 休闲区 健身设施 中央空调 空气净化器 自动售卖机 微波炉 冰箱 卫生间配套 办公清,13,公司年检 法律咨询 财税代理 人事代理 人力招聘 投融资服务 运营服务 营销推荐 商务聚会 宣传设计 政策申请 创业辅导 政策顾问,197425,2
启迪R+加速器（尚8国际广告园）,3,朝阳,大望路,下甸甲3号院1号楼,39.90048786,116.4678534,12,6.382978723,1200,"75,915.67",201,0.040799953,3,15.55102489,641.39,9.433962264,15,3.174603175,2,30,14.93670886,531,70,0,0,3,18,前台接见 办公家具 复印打印 传真 办公宽带 WIFI 会议室 洽谈室 茶水间 休闲区 中央空调 空气净化器 自动售卖机 微波炉 冰箱 卫生间配套 办公清洁 饮用水,0, ,26000,5
we office（伊莎文心广场）,3,朝阳,四惠,惠河南街139号,39.90248498,116.4900025,10,4.255319149,1000,"68,602.71",847,0.051231211,3,12.32020119,509.07,35.22012579,56,6.349206349,4,26,8.438818565,300,25,0,0,45,24,前台接见 办公家具 复印打印 传真 办公宽带 WIFI 会议室 洽谈室 视频远程会议 多功能厅 咖啡厅 茶水间 书吧 休闲区 中央空调 空气净化器 自动售卖机 微波炉 冰箱 卫生间配套 办公清洁 茶点 免,13,公司年检 法律咨询 财税代理 人事代理 人力招聘 投融资服务 运营服务 营销推荐 商务聚会 宣传设计 政策申请 创业辅导 政策顾问, ,0
世鳌商务中心（天银大厦）,2,西城,复兴门,复兴门南大街2号,39.90318797,116.3520905,35,30.85106383,3500,"110,793.60",482,0.039458396,5,6.667480558,277.56,37.73584906,60,58.73015873,37,106,31.56118143,"1,122",54,2,17,1,24,前台接见 办公家具 复印打印 传真 办公宽带 WIFI 会议室 洽谈室 视频远程会议 多功能厅 咖啡厅 茶水间 书吧 健身设施 中央空调 空气净化器 自动售卖机 微波炉 冰箱 卫生间配套 办公清洁 茶点,0, ,150000,3
梦想加（万豪中心）,1,东城,建国门,建国门南大街7号C座,39.90342782,116.4282533,22,17.0212766,2200,"92,615.69",168,0.014761218,7,9.427305246,390.59,52.83018868,84,19.04761905,12,33,14.93670886,531,24,2,0,1,25,前台接见 办公家具 复印打印 传真 办公宽带 WIFI 会议室 洽谈室 视频远程会议 多功能厅 咖啡厅 茶水间 书吧 休闲区 健身设施 中央空调 空气净化器 自动售卖机 微波炉 冰箱 卫生间配套 办公清,13,公司年检 法律咨询 财税代理 人事代理 人力招聘 投融资服务 运营服务 营销推荐 商务聚会 宣传设计 政策申请 创业辅导 政策顾问,126785.68,3
世鳌商务中心（瑞赛大厦）,3,朝阳,CBD,建国路128号,39.9036359,116.4570804,21,15.95744681,2100,"80,192.40",524,0.035332436,3,10.54778967,436.48,64.77987421,103,42.85714286,27,42,63.23488045,"2,248",43,0,1,2,25,前台接见 办公家具 复印打印 传真 办公宽带 WIFI 会议室 洽谈室 视频远程会议 多功能厅 咖啡厅 茶水间 书吧 休闲区 健身设施 中央空调 空气净化器 自动售卖机 微波炉 冰箱 卫生间配套 办公清,13,公司年检 法律咨询 财税代理 人事代理 人力招聘 投融资服务 运营服务 营销推荐 商务聚会 宣传设计 政策申请 创业辅导 政策顾问,20000,2
世鳌商务中心（恋日国际中心）,3,朝阳,CBD,朝阳东三环南路2号,39.9040719,116.4586884,22,17.0212766,2200,"79,760.80",427,0.035081806,3,11.51420444,476.06,66.03773585,105,33.33333333,21,16,47.81997187,"1,700",35,0,1,1,24,前台接见 办公家具 复印打印 传真 办公宽带 WIFI 会议室 洽谈室 视频远程会议 多功能厅 咖啡厅 茶水间 书吧 休闲区 健身设施 中央空调 空气净化器 自动售卖机 微波炉 冰箱 卫生间配套 办公清,13,公司年检 法律咨询 财税代理 人事代理 人力招聘 投融资服务 运营服务 营销推荐 商务聚会 宣传设计 政策申请 创业辅导 政策顾问,25615,2
易得商务中心 （恋日国际中心 ）,3,朝阳,CBD,朝阳东三环南路2号,39.9042229,116.4606194,23,18.08510638,2300,"79,497.34",288,0.035249411,3,14.71133303,607,71.69811321,114,25.3968254,16,11,27.45428973,976,44,0,0,11,25,前台接见 办公家具 复印打印 传真 办公宽带 WIFI 会议室 洽谈室 视频远程会议 多功能厅 咖啡厅 茶水间 书吧 休闲区 健身设施 中央空调 空气净化器 自动售卖机 微波炉 冰箱 卫生间配套 办公清,13,公司年检 法律咨询 财税代理 人事代理 人力招聘 投融资服务 运营服务 营销推荐 商务聚会 宣传设计 政策申请 创业辅导 政策顾问,25615,2
氪空间（万科大都汇）,3,朝阳,国贸,东三环中路甲10号,39.9046949,116.4563574,22,17.0212766,2200,"82,712.66",573,0.034218175,3,7.583840998,315.09,76.72955975,122,44.44444444,28,58,68.2137834,"2,425",42,0,1,22,2,办公家具 办公宽带,0, ,42000,5
世联空间（赛特广场）,3,朝阳,建外大街,北京朝阳区建国门外大街22号,39.90514546,116.4343065,10,4.255319149,1000,"91,162.10",338,0.019266554,7,12.3321654,509.56,26.41509434,42,41.26984127,26,158,38.34036568,"1,363",70,0,0,15,21,前台接见 办公家具 复印打印 办公宽带 WIFI 会议室 洽谈室 多功能厅 咖啡厅 茶水间 书吧 休闲区 中央空调 空气净化器 自动售卖机 微波炉 冰箱 卫生间配套 办公清洁 茶点 饮用水,13,公司年检 法律咨询 财税代理 人事代理 人力招聘 投融资服务 运营服务 营销推荐 商务聚会 宣传设计 政策申请 创业辅导 政策顾问,52000,4
你的空间(建外SOHO）,3,朝阳,国贸,东三环中路39号院,39.90517492,116.4521571,18,12.76595745,1800,"85,175.01",727,0.033693672,3,10.6181099,439.36,50.31446541,80,63.49206349,40,121,86.83544304,"3,087",14,0,3,2,20,前台接见 办公家具 复印打印 传真 办公宽带 WIFI 会议室 洽谈室 视频远程会议 多功能厅 茶水间 休闲区 中央空调 空气净化器 自动售卖机 微波炉 冰箱 卫生间配套 办公清洁 饮用水,3,公司年检 法律咨询 财税代理,700000,12
云享客（长富宫中心）,1,东城,建国门,北京市朝阳区建国门外大街26号,39.90533482,116.4315013,22,17.0212766,2200,"93,661.92",264,0.016608091,7,6.279986815,261.69,34.59119497,55,34.92063492,22,129,29.62025316,"1,053",38,1,0,4,25,前台接见 办公家具 复印打印 传真 办公宽带 WIFI 会议室 洽谈室 视频远程会议 多功能厅 咖啡厅 茶水间 书吧 休闲区 健身设施 中央空调 空气净化器 自动售卖机 微波炉 冰箱 卫生间配套 办公清,13,公司年检 法律咨询 财税代理 人事代理 人力招聘 投融资服务 运营服务 营销推荐 商务聚会 宣传设计 政策申请 创业辅导 政策顾问,12000,2
瑞阁壹号Regency-One（中环世贸中心）,3,朝阳,国贸,建国门外大街甲6号,39.90545392,116.4510641,22,17.0212766,2200,"85,886.30",724,0.03348952,3,12.54605609,518.32,50.31446541,80,52.38095238,33,122,88.8326301,"3,158",22,0,3,8,23,前台接见 办公家具 复印打印 传真 办公宽带 WIFI 会议室 洽谈室 视频远程会议 多功能厅 咖啡厅 茶水间 书吧 休闲区 中央空调 空气净化器 微波炉 冰箱 卫生间配套 办公清洁 茶点 免费咖啡 饮用,13,公司年检 法律咨询 财税代理 人事代理 人力招聘 投融资服务 运营服务 营销推荐 商务聚会 宣传设计 政策申请 创业辅导 政策顾问,235000,40
Cofco Fantasy（中粮大厦）,1,东城,建国门,建国门内大街8号,39.90558182,116.4234203,17,11.70212766,1700,"96,951.45",306,0.009660144,7,7.497161553,311.54,69.81132075,111,65.07936508,41,100,26.58227848,945,31,3,1,7,22,前台接见 办公家具 复印打印 传真 办公宽带 WIFI 会议室 洽谈室 视频远程会议 多功能厅 咖啡厅 茶水间 书吧 休闲区 中央空调 空气净化器 自动售卖机 微波炉 冰箱 卫生间配套 办公清洁 饮用水,0, ,121828.78,8
东朗孵化器（东朗电影产业园）,3,朝阳,大望路,郎家园10号,39.90558286,116.4671704,13,7.446808511,1300,"73,682.87",969,0.035795844,3,7.932267949,329.36,47.16981132,75,31.74603175,20,130,59.01547117,"2,098",99,0,0,4,25,前台接见 办公家具 复印打印 传真 办公宽带 WIFI 会议室 洽谈室 视频远程会议 多功能厅 咖啡厅 茶水间 书吧 休闲区 健身设施 中央空调 空气净化器 自动售卖机 微波炉 冰箱 卫生间配套 办公清,0, ,20000,4
德事商务中心（银泰中心）,3,朝阳,国贸,建国门外大街2号,39.9057479,116.4523684,75,73.40425532,7500,"85,842.62",748,0.033111081,3,9.409481022,389.86,50.94339623,81,77.77777778,49,118,88.2419128,"3,137",17,0,3,2,25,前台接见 办公家具 复印打印 传真 办公宽带 WIFI 会议室 洽谈室 视频远程会议 多功能厅 咖啡厅 茶水间 书吧 休闲区 健身设施 中央空调 空气净化器 自动售卖机 微波炉 冰箱 卫生间配套 办公清,13,公司年检 法律咨询 财税代理 人事代理 人力招聘 投融资服务 运营服务 营销推荐 商务聚会 宣传设计 政策申请 创业辅导 政策顾问,74000,12
梦想加（北京佳兆业广场）,3,朝阳,大望路,西大望路,39.9060412,116.4729908,34,29.78723404,3400,"72,366.35",1469,0.037941436,3,3.780688796,159.33,70.44025157,112,52.38095238,33,158,67.73558368,"2,408",61,0,0,2,25,前台接见 办公家具 复印打印 传真 办公宽带 WIFI 会议室 洽谈室 视频远程会议 多功能厅 咖啡厅 茶水间 书吧 休闲区 健身设施 中央空调 空气净化器 自动售卖机 微波炉 冰箱 卫生间配套 办公清,0, ,247000,7
氪空间（海航实业大厦）,3,朝阳,国贸,建国路108号,39.9061779,116.4591474,22,17.0212766,2200,"84,884.08",404,0.033066722,3,9.172638596,380.16,81.76100629,130,31.74603175,20,15,40.16877637,"1,428",37,0,1,20,17,前台接见 办公家具 复印打印 办公宽带 WIFI 会议室 洽谈室 视频远程会议 多功能厅 咖啡厅 茶水间 休闲区 卫生间配套 办公清洁 茶点 免费咖啡 饮用水,13,公司年检 法律咨询 财税代理 人事代理 人力招聘 投融资服务 运营服务 营销推荐 商务聚会 宣传设计 政策申请 创业辅导 政策顾问,33745.64,6
世鳌商务中心(sk大厦),3,朝阳,国贸,北京市朝阳区建国门外大街甲6号,39.90623392,116.4506431,28,23.40425532,2800,"85,859.76",740,0.032751422,3,12.79437438,528.49,48.42767296,77,57.14285714,36,128,90.49226442,"3,217",36,0,3,8,21,前台接见 办公家具 复印打印 传真 办公宽带 WIFI 会议室 洽谈室 视频远程会议 多功能厅 咖啡厅 茶水间 休闲区 中央空调 空气净化器 自动售卖机 微波炉 冰箱 卫生间配套 办公清洁 饮用水,0, ,106303,16
雷格斯（新华保险大厦）,3,朝阳,永安里,建国门外大街12号,39.90625446,116.4408275,40,36.17021277,4000,"85,768.31",428,0.025163551,7,8.376896876,347.57,35.22012579,56,50.79365079,32,173,46.58227848,"1,656",161,0,0,8,19,前台接见 办公家具 复印打印 传真 办公宽带 WIFI 会议室 多功能厅 茶水间 休闲区 健身设施 中央空调 空气净化器 自动售卖机 微波炉 冰箱 卫生间配套 办公清洁 免费咖啡,13,公司年检 法律咨询 财税代理 人事代理 人力招聘 投融资服务 运营服务 营销推荐 商务聚会 宣传设计 政策申请 创业辅导 政策顾问,70000,8
雷格斯（招商局大厦）,3,朝阳,CBD,朝阳区建国路118号,39.9062679,116.4579154,40,36.17021277,4000,"85,936.78",561,0.032804016,3,6.437963155,268.16,100,159,47.61904762,30,57,66.75105485,"2,373",40,0,1,7,25,前台接见 办公家具 复印打印 传真 办公宽带 WIFI 会议室 洽谈室 视频远程会议 多功能厅 咖啡厅 茶水间 书吧 休闲区 健身设施 中央空调 空气净化器 自动售卖机 微波炉 冰箱 卫生间配套 办公清,13,公司年检 法律咨询 财税代理 人事代理 人力招聘 投融资服务 运营服务 营销推荐 商务聚会 宣传设计 政策申请 创业辅导 政策顾问,320000,17
优客工场（优兰空间Ulan）,3,朝阳,永安里,建国门外大街乙12号,39.90648892,116.4429651,28,23.40425532,2800,"86,082.40",391,0.027195384,7,3.257926286,137.92,23.89937107,38,49.20634921,31,65,42.3628692,"1,506",158,0,0,2,22,前台接见 办公家具 复印打印 传真 办公宽带 WIFI 会议室 洽谈室 视频远程会议 多功能厅 咖啡厅 茶水间 书吧 休闲区 中央空调 空气净化器 自动售卖机 微波炉 冰箱 卫生间配套 办公清洁 饮用水,13,公司年检 法律咨询 财税代理 人事代理 人力招聘 投融资服务 运营服务 营销推荐 商务聚会 宣传设计 政策申请 创业辅导 政策顾问,150000,26
事易好LG双子座大厦中心,3,朝阳,永安里,建国门外大街乙12号,39.90653592,116.4424811,38,34.04255319,3800,"85,028.53",405,0.026712343,7,4.306625484,180.87,24.52830189,39,49.20634921,31,77,43.34739803,"1,541",162,0,0,4,24,前台接见 办公家具 复印打印 传真 办公宽带 WIFI 会议室 洽谈室 视频远程会议 多功能厅 咖啡厅 茶水间 书吧 休闲区 健身设施 中央空调 空气净化器 自动售卖机 微波炉 冰箱 卫生间配套 办公清,13,公司年检 法律咨询 财税代理 人事代理 人力招聘 投融资服务 运营服务 营销推荐 商务聚会 宣传设计 政策申请 创业辅导 政策顾问,150000,26
裸心社（大望路）,3,朝阳,大望路,建国路甲92,39.90655586,116.4650214,38,34.04255319,3800,"73,273.97",884,0.034134161,3,12.41908901,513.12,30.81761006,49,30.15873016,19,128,56.93389592,"2,024",105,0,2,1,25,前台接见 办公家具 复印打印 传真 办公宽带 WIFI 会议室 洽谈室 视频远程会议 多功能厅 咖啡厅 茶水间 书吧 休闲区 健身设施 中央空调 空气净化器 自动售卖机 微波炉 冰箱 卫生间配套 办公清,0, ,72194,10
星创空间（SOHO现代城）,3,朝阳,大望路,北京朝阳区建国路88号建国门外临近金地中心,39.90656186,116.4690664,14,8.510638298,1400,"73,757.61",1538,0.035653454,3,2.72612958,116.14,73.58490566,117,41.26984127,26,241,88.57946554,"3,149",109,0,2,1,21,前台接见 办公家具 复印打印 传真 办公宽带 WIFI 会议室 咖啡厅 茶水间 休闲区 健身设施 中央空调 空气净化器 自动售卖机 微波炉 冰箱 卫生间配套 办公清洁 茶点 免费咖啡 饮用水,13,公司年检 法律咨询 财税代理 人事代理 人力招聘 投融资服务 运营服务 营销推荐 商务聚会 宣传设计 政策申请 创业辅导 政策顾问,490000,5
国信众创（SOH0现代城）,3,朝阳,大望路,北京朝阳区建国路88号建国门外临近金地中心,39.90656186,116.4690664,10,4.255319149,1000,"73,757.61",1538,0.035653454,3,2.72612958,116.14,73.58490566,117,41.26984127,26,241,88.57946554,"3,149",109,0,2,3,17,前台接见 办公家具 复印打印 传真 办公宽带 WIFI 会议室 洽谈室 视频远程会议 多功能厅 茶水间 休闲区 中央空调 微波炉 冰箱 卫生间配套 办公清洁,0, ,490000,5
天使汇众创空间（中关村创业大街）,4,海淀,中关村,海淀西大街36号,39.90688753,116.2418081,15,9.574468085,1500,"73,336.41",148,0.123558985,0,12.58414621,519.88,30.81761006,49,6.349206349,4,9,4.641350211,165,33,0,20,3,10,办公家具 复印打印 办公宽带 WIFI 咖啡厅 中央空调 空气净化器 卫生间配套 办公清洁 饮用水,8,公司年检 法律咨询 财税代理 人事代理 人力招聘 投融资服务 创业辅导 政策顾问, ,0
优客工场（凯德晶品）,4,海淀,万寿路,凯德晶品购物中心,39.90698018,116.2913706,16,10.63829787,1600,"91,565.07",681,0.07880513,5,5.933269036,247.49,44.65408805,71,26.98412698,17,64,28.18565401,"1,002",127,0,1,3,18,前台接见 办公家具 复印打印 传真 办公宽带 WIFI 会议室 洽谈室 视频远程会议 茶水间 休闲区 中央空调 空气净化器 微波炉 冰箱 卫生间配套 办公清洁 饮用水,13,公司年检 法律咨询 财税代理 人事代理 人力招聘 投融资服务 运营服务 营销推荐 商务聚会 宣传设计 政策申请 创业辅导 政策顾问, ,0
ibase（金地中心）,3,朝阳,大望路,建国路91号,39.90781686,116.4683754,33,28.72340426,3300,"71,942.50",1786,0.034223815,3,4.591813065,192.55,70.44025157,112,61.9047619,39,253,99.4092827,"3,534",122,0,2,6,21,前台接见 办公家具 复印打印 传真 办公宽带 WIFI 会议室 洽谈室 视频远程会议 多功能厅 咖啡厅 茶水间 书吧 休闲区 中央空调 微波炉 冰箱 卫生间配套 办公清洁 免费咖啡 饮用水,13,公司年检 法律咨询 财税代理 人事代理 人力招聘 投融资服务 运营服务 营销推荐 商务聚会 宣传设计 政策申请 创业辅导 政策顾问,104000,25
德事商务中心（国贸二期）,3,朝阳,国贸,北京市朝阳区建国门外大街1号,39.90797092,116.4521861,76,74.46808511,7600,"84,255.07",715,0.030900094,3,8.478470535,351.73,54.08805031,86,80.95238095,51,91,78.05907173,"2,775",38,1,2,2,18,前台接见 办公家具 复印打印 传真 办公宽带 WIFI 会议室 洽谈室 咖啡厅 茶水间 休闲区 中央空调 空气净化器 自动售卖机 微波炉 冰箱 卫生间配套 办公清洁,0, , ,0
徳事商务中心（国贸一期）,3,朝阳,国贸,建国门外大街1号,39.90797092,116.4521861,18,12.76595745,1800,"84,255.07",715,0.030900094,3,8.478470535,351.73,54.08805031,86,80.95238095,51,91,78.05907173,"2,775",38,1,2,3,25,前台接见 办公家具 复印打印 传真 办公宽带 WIFI 会议室 洽谈室 视频远程会议 多功能厅 咖啡厅 茶水间 书吧 休闲区 健身设施 中央空调 空气净化器 自动售卖机 微波炉 冰箱 卫生间配套 办公清,13,公司年检 法律咨询 财税代理 人事代理 人力招聘 投融资服务 运营服务 营销推荐 商务聚会 宣传设计 政策申请 创业辅导 政策顾问,123900,16
艾克商务中心（金地中心）,3,朝阳,大望路,建国路91号,39.90798547,116.4682955,45,41.4893617,4500,"71,942.50",1827,0.034037235,3,4.947320873,207.11,69.18238994,110,61.9047619,39,252,100,"3,555",123,0,2,5,20,前台接见 办公家具 复印打印 传真 办公宽带 WIFI 会议室 洽谈室 视频远程会议 咖啡厅 茶水间 休闲区 中央空调 空气净化器 自动售卖机 微波炉 冰箱 卫生间配套 办公清洁 饮用水,0, ,104000,25
纳什空间（SPACE·CBD万达）,3,朝阳,CBD,建国路91号,39.90798547,116.4682955,18,12.76595745,1800,"71,942.50",1827,0.034037235,3,4.947320873,207.11,69.18238994,110,61.9047619,39,252,100,"3,555",123,0,2,3,18,前台接见 办公家具 复印打印 传真 办公宽带 WIFI 会议室 洽谈室 视频远程会议 多功能厅 茶水间 中央空调 空气净化器 微波炉 冰箱 卫生间配套 办公清洁 饮用水,13,公司年检 法律咨询 财税代理 人事代理 人力招聘 投融资服务 运营服务 营销推荐 商务聚会 宣传设计 政策申请 创业辅导 政策顾问,500000,6
德事商务中心（华贸中心）,3,朝阳,大望路,建国路79号,39.90799681,116.4760727,57,54.25531915,5700,"72,710.15",970,0.037978781,3,10.75508784,444.97,43.39622642,69,41.26984127,26,123,40.08438819,"1,425",33,0,0,2,25,前台接见 办公家具 复印打印 传真 办公宽带 WIFI 会议室 洽谈室 视频远程会议 多功能厅 咖啡厅 茶水间 书吧 休闲区 健身设施 中央空调 空气净化器 自动售卖机 微波炉 冰箱 卫生间配套 办公清,13,公司年检 法律咨询 财税代理 人事代理 人力招聘 投融资服务 运营服务 营销推荐 商务聚会 宣传设计 政策申请 创业辅导 政策顾问,100000,12
世服宏图（东方广场）,1,东城,王府井,北京市东城区东长安街1号,39.90808383,116.405646,40,36.17021277,4000,"107,107.05",1197,0.008466155,6,3.473281977,146.74,27.04402516,43,69.84126984,44,267,73.78340366,"2,623",61,1,11,7,22,前台接见 办公家具 复印打印 传真 办公宽带 WIFI 会议室 洽谈室 视频远程会议 多功能厅 咖啡厅 茶水间 健身设施 中央空调 空气净化器 微波炉 冰箱 卫生间配套 办公清洁 茶点 免费咖啡 饮用水,13,公司年检 法律咨询 财税代理 人事代理 人力招聘 投融资服务 运营服务 营销推荐 商务聚会 宣传设计 政策申请 创业辅导 政策顾问,150000,36
创富港（寰岛博雅大酒店）,4,海淀,万寿路,万寿路西街2号,39.90830784,116.2884138,12,6.382978723,1200,"92,860.59",482,0.080926701,5,5.031070308,210.54,23.89937107,38,9.523809524,6,54,19.74683544,702,117,0,0,6,24,前台接见 办公家具 复印打印 传真 办公宽带 WIFI 会议室 洽谈室 视频远程会议 多功能厅 咖啡厅 茶水间 书吧 休闲区 中央空调 空气净化器 自动售卖机 微波炉 冰箱 卫生间配套 办公清洁 茶点 免,13,公司年检 法律咨询 财税代理 人事代理 人力招聘 投融资服务 运营服务 营销推荐 商务聚会 宣传设计 政策申请 创业辅导 政策顾问,50000,2
氪空间（海峡国际大厦）,2,西城,三里河,二七剧场路13号院,39.90910776,116.3396311,26,21.27659574,2600,"115,404.45",288,0.039378583,5,18.00344276,741.83,25.78616352,41,20.63492063,13,55,26.4416315,940,139,1,1,32,2,办公家具 办公宽带,0, ,45914,5
氪空间（中海广场）,3,朝阳,国贸,北京朝阳区光华路东里8号,39.90947783,116.450301,25,20.21276596,2500,"81,773.35",521,0.029564821,3,13.70780481,565.9,44.65408805,71,82.53968254,52,100,50.5766526,"1,798",63,2,0,6,2,办公家具 办公宽带,0, ,151000,12
无界空间(中海广场),3,朝阳,国贸,北京朝阳区光华路东里8号,39.91004783,116.450552,25,20.21276596,2500,"79,880.16",546,0.028969125,3,13.62527621,562.52,47.16981132,75,76.19047619,48,98,52.06751055,"1,851",59,2,0,3,19,前台接见 办公家具 复印打印 传真 办公宽带 WIFI 会议室 洽谈室 视频远程会议 多功能厅 茶水间 休闲区 中央空调 空气净化器 微波炉 冰箱 卫生间配套 办公清洁 饮用水,0, ,151000,12
优客工场（华贸中心）,3,朝阳,大望路,建国路79号,39.91081581,116.4753807,20,14.89361702,2000,"72,789.70",1373,0.0353031,3,11.81257707,488.28,55.34591195,88,50.79365079,32,133,50.18284107,"1,784",69,4,0,7,19,前台接见 办公家具 复印打印 传真 办公宽带 WIFI 会议室 洽谈室 视频远程会议 多功能厅 茶水间 休闲区 中央空调 自动售卖机 微波炉 冰箱 卫生间配套 办公清洁 饮用水,13,公司年检 法律咨询 财税代理 人事代理 人力招聘 投融资服务 运营服务 营销推荐 商务聚会 宣传设计 政策申请 创业辅导 政策顾问,100000,12
P2·初廬（华贸SPACE),3,朝阳,大望路,建国路89号,39.91090347,116.4721905,10,4.255319149,1000,"72,474.49",1557,0.033383593,3,8.225513057,341.37,67.29559748,107,66.66666667,42,153,63.88185654,"2,271",87,1,18,6,24,前台接见 办公家具 复印打印 传真 办公宽带 WIFI 会议室 洽谈室 多功能厅 咖啡厅 茶水间 书吧 休闲区 健身设施 中央空调 空气净化器 自动售卖机 微波炉 冰箱 卫生间配套 办公清洁 茶点 免费咖,12,法律咨询 财税代理 人事代理 人力招聘 投融资服务 运营服务 营销推荐 商务聚会 宣传设计 政策申请 创业辅导 政策顾问,30000,2
德事商务中心（国贸三期）,3,朝阳,国贸,建国门外大街1号,39.91101279,116.4544712,100,100,10000,"82,160.92",492,0.027817282,3,8.342225098,346.15,44.02515723,70,74.6031746,47,79,45.11954993,"1,604",36,3,0,3,25,前台接见 办公家具 复印打印 传真 办公宽带 WIFI 会议室 洽谈室 视频远程会议 多功能厅 咖啡厅 茶水间 书吧 休闲区 健身设施 中央空调 空气净化器 自动售卖机 微波炉 冰箱 卫生间配套 办公清,0, ,280000,34
雷格斯（IFC财源国际中心）,3,朝阳,CBD,建国门外大街8号,39.91101683,116.451989,57,54.25531915,5700,"83,402.18",505,0.027872074,3,11.9165924,492.54,48.42767296,77,77.77777778,49,90,49.11392405,"1,746",53,3,0,8,21,前台接见 办公家具 复印打印 传真 办公宽带 WIFI 会议室 洽谈室 多功能厅 茶水间 休闲区 中央空调 空气净化器 自动售卖机 微波炉 冰箱 卫生间配套 办公清洁 茶点 免费咖啡 饮用水,13,公司年检 法律咨询 财税代理 人事代理 人力招聘 投融资服务 运营服务 营销推荐 商务聚会 宣传设计 政策申请 创业辅导 政策顾问,239603,24
雷格斯（嘉里中心北楼）,3,朝阳,国贸,朝阳光华路1号,39.91101683,116.451989,55,52.12765957,5500,"83,402.18",505,0.027872074,3,11.9165924,492.54,48.42767296,77,77.77777778,49,90,49.11392405,"1,746",53,3,0,6,21,前台接见 办公家具 复印打印 传真 办公宽带 WIFI 会议室 洽谈室 多功能厅 咖啡厅 茶水间 休闲区 健身设施 中央空调 空气净化器 自动售卖机 微波炉 冰箱 卫生间配套 办公清洁 饮用水,13,公司年检 法律咨询 财税代理 人事代理 人力招聘 投融资服务 运营服务 营销推荐 商务聚会 宣传设计 政策申请 创业辅导 政策顾问,232000,24
雷格斯（万通中心）,3,朝阳,CBD,朝阳门外大街甲6号,39.91101683,116.451989,40,36.17021277,4000,"83,402.18",505,0.027872074,3,11.9165924,492.54,48.42767296,77,77.77777778,49,90,49.11392405,"1,746",53,3,0,4,25,前台接见 办公家具 复印打印 传真 办公宽带 WIFI 会议室 洽谈室 视频远程会议 多功能厅 咖啡厅 茶水间 书吧 休闲区 健身设施 中央空调 空气净化器 自动售卖机 微波炉 冰箱 卫生间配套 办公清,0, ,200000,7
雷格斯（国贸三期）,3,朝阳,国贸,建国门外大街1号,39.91102079,116.4523402,46,42.55319149,4600,"84,050.74",487,0.027846371,3,11.29152373,466.94,48.42767296,77,77.77777778,49,88,47.81997187,"1,700",50,3,0,11,21,前台接见 办公家具 复印打印 传真 办公宽带 WIFI 会议室 洽谈室 多功能厅 茶水间 书吧 休闲区 健身设施 中央空调 空气净化器 自动售卖机 微波炉 冰箱 卫生间配套 办公清洁 饮用水,13,公司年检 法律咨询 财税代理 人事代理 人力招聘 投融资服务 运营服务 营销推荐 商务聚会 宣传设计 政策申请 创业辅导 政策顾问,280000,34
星创空间(海川大厦),3,朝阳,建外大街,永安里中街25号,39.911066,116.4547,14,8.510638298,1400,"106,291.70",641,0.017986016,0,12.34290877,510,56.60377358,90,9.523809524,6,25,11.89873418,423,155,10,9,1,19,前台接见 办公家具 复印打印 传真 办公宽带 WIFI 会议室 咖啡厅 茶水间 中央空调 空气净化器 自动售卖机 微波炉 冰箱 卫生间配套 办公清洁 茶点 免费咖啡 饮用水,13,公司年检 法律咨询 财税代理 人事代理 人力招聘 投融资服务 运营服务 营销推荐 商务聚会 宣传设计 政策申请 创业辅导 政策顾问, ,1
成旅SPACiE（和乔大厦）,3,朝阳,大望路,光华路甲8号,39.91129547,116.4646465,17,11.70212766,1700,"78,791.04",749,0.02955541,3,16.86098326,695.04,23.89937107,38,42.85714286,27,129,45.82278481,"1,629",88,1,6,8,25,前台接见 办公家具 复印打印 传真 办公宽带 WIFI 会议室 洽谈室 视频远程会议 多功能厅 咖啡厅 茶水间 书吧 休闲区 健身设施 中央空调 空气净化器 自动售卖机 微波炉 冰箱 卫生间配套 办公清,0, ,120000,5
德事商务中心（华润大厦）,1,东城,建国门,北京市东城区建国门外北大街8号,39.918814,116.440601,40,36.17021277,4000,"100,305.45",181,0.011328731,7,11.77058026,486.56,8.176100629,13,53.96825397,34,38,17.32770745,616,84,0,2,3,25,前台接见 办公家具 复印打印 传真 办公宽带 WIFI 会议室 洽谈室 视频远程会议 多功能厅 咖啡厅 茶水间 书吧 休闲区 健身设施 中央空调 空气净化器 自动售卖机 微波炉 冰箱 卫生间配套 办公清,0, ,40000,14
部落方舟（数码01大厦）,3,朝阳,国贸,光华路丙12号,39.91170879,116.4533582,20,14.89361702,2000,"81,946.13",490,0.027120424,3,10.56268389,437.09,45.28301887,72,76.19047619,48,88,44.89451477,"1,596",44,2,0,7,25,前台接见 办公家具 复印打印 传真 办公宽带 WIFI 会议室 洽谈室 视频远程会议 多功能厅 咖啡厅 茶水间 书吧 休闲区 健身设施 中央空调 空气净化器 自动售卖机 微波炉 冰箱 卫生间配套 办公清,0, ,32000,4
SOHO3Q-朝阳门3Q,3,朝阳,朝外,朝内大街2号,39.91175083,116.446595,14,8.510638298,1400,"84,262.27",423,0.028038787,3,12.60465627,520.72,14.46540881,23,49.20634921,31,73,47.6511955,"1,694",77,2,0,2,25,前台接见 办公家具 复印打印 传真 办公宽带 WIFI 会议室 洽谈室 视频远程会议 多功能厅 咖啡厅 茶水间 书吧 休闲区 健身设施 中央空调 空气净化器 自动售卖机 微波炉 冰箱 卫生间配套 办公清,13,公司年检 法律咨询 财税代理 人事代理 人力招聘 投融资服务 运营服务 营销推荐 商务聚会 宣传设计 政策申请 创业辅导 政策顾问,32000,8
优客工场（阳光100写字楼）,3,朝阳,CBD,光华路2号,39.91177947,116.4687735,18,12.76595745,1800,"72,130.33",1538,0.030869486,3,9.844831586,407.69,47.16981132,75,60.31746032,38,217,74.6835443,"2,655",112,1,19,3,22,前台接见 办公家具 复印打印 办公宽带 WIFI 会议室 洽谈室 视频远程会议 多功能厅 咖啡厅 茶水间 书吧 休闲区 健身设施 中央空调 空气净化器 自动售卖机 微波炉 冰箱 卫生间配套 办公清洁 饮,13,公司年检 法律咨询 财税代理 人事代理 人力招聘 投融资服务 运营服务 营销推荐 商务聚会 宣传设计 政策申请 创业辅导 政策顾问,210000,2
WE+酷窝 北京光华路SOHO二期空间,3,朝阳,CBD,光华路22号,39.91186783,116.44596,13,7.446808511,1300,"83,642.95",398,0.028098399,3,12.25427598,506.37,14.46540881,23,39.68253968,25,72,45.06329114,"1,602",77,2,0,5,25,前台接见 办公家具 复印打印 传真 办公宽带 WIFI 会议室 洽谈室 视频远程会议 多功能厅 咖啡厅 茶水间 书吧 休闲区 健身设施 中央空调 空气净化器 自动售卖机 微波炉 冰箱 卫生间配套 办公清,13,公司年检 法律咨询 财税代理 人事代理 人力招聘 投融资服务 运营服务 营销推荐 商务聚会 宣传设计 政策申请 创业辅导 政策顾问,69871,12
中海officezip（中海财富中心）,2,西城,金融街,太平桥大街96号,39.91206216,116.3577325,88,87.23404255,8800,"120,073.79",434,0.029593999,5,21.4117762,881.42,16.35220126,26,60.31746032,38,91,26.32911392,936,78,0,0,7,22,前台接见 办公家具 复印打印 传真 办公宽带 WIFI 会议室 洽谈室 视频远程会议 多功能厅 咖啡厅 茶水间 书吧 休闲区 健身设施 中央空调 空气净化器 自动售卖机 微波炉 冰箱 卫生间配套 办公清,13,公司年检 法律咨询 财税代理 人事代理 人力招聘 投融资服务 运营服务 营销推荐 商务聚会 宣传设计 政策申请 创业辅导 政策顾问,25000,6
HO-ME创客空间（爱工厂第十二产业园）,3,朝阳,高碑店,大黄庄南里甲8号楼,39.91229251,116.5411704,10,4.255319149,1000,"49,030.89",4,0.048450944,1,38.34723053,1575.02,0,0,0,0,0,0,0,0,0,0,9,25,前台接见 办公家具 复印打印 传真 办公宽带 WIFI 会议室 洽谈室 视频远程会议 多功能厅 咖啡厅 茶水间 书吧 休闲区 健身设施 中央空调 空气净化器 自动售卖机 微波炉 冰箱 卫生间配套 办公清,13,公司年检 法律咨询 财税代理 人事代理 人力招聘 投融资服务 运营服务 营销推荐 商务聚会 宣传设计 政策申请 创业辅导 政策顾问,6680,2
SOHO3Q-光华路3Q,3,朝阳,CBD,光华路22号,39.91235283,116.445647,14,8.510638298,1400,"83,687.03",397,0.027724897,3,13.15793972,543.38,17.61006289,28,39.68253968,25,71,43.03797468,"1,530",91,2,0,10,25,前台接见 办公家具 复印打印 传真 办公宽带 WIFI 会议室 洽谈室 视频远程会议 多功能厅 咖啡厅 茶水间 书吧 休闲区 健身设施 中央空调 空气净化器 自动售卖机 微波炉 冰箱 卫生间配套 办公清,13,公司年检 法律咨询 财税代理 人事代理 人力招聘 投融资服务 运营服务 营销推荐 商务聚会 宣传设计 政策申请 创业辅导 政策顾问,69871,12
梦想加（泰达时代中心）,3,朝阳,CBD,朝阳光华路15号—1,39.91267147,116.4641455,32,27.65957447,3200,"78,573.48",671,0.02809146,3,19.40960311,799.42,19.49685535,31,36.50793651,23,50,35.78059072,"1,272",109,1,7,5,25,前台接见 办公家具 复印打印 传真 办公宽带 WIFI 会议室 洽谈室 视频远程会议 多功能厅 咖啡厅 茶水间 书吧 休闲区 健身设施 中央空调 空气净化器 自动售卖机 微波炉 冰箱 卫生间配套 办公清,0, ,140000,17
SOHO3Q-望京3Q I,3,朝阳,望京,望京街10号,39.91268283,116.445911,38,34.04255319,3800,"83,720.38",427,0.027331762,3,14.1084836,582.31,20.75471698,33,41.26984127,26,79,43.65682138,"1,552",95,2,0,5,24,前台接见 办公家具 复印打印 传真 办公宽带 WIFI 会议室 洽谈室 视频远程会议 多功能厅 咖啡厅 茶水间 书吧 休闲区 健身设施 中央空调 空气净化器 自动售卖机 微波炉 冰箱 卫生间配套 办公清,2,投融资服务 运营服务,364169,12
SOHO3Q-丹棱3Q,4,海淀,中关村,丹棱街6号,39.984175,116.319976,17,11.70212766,1700,"83,720.38",427,0.027331762,3,14.1084836,582.31,20.75471698,33,41.26984127,26,79,43.65682138,"1,552",95,2,0,1,6,办公家具 复印打印 WIFI 咖啡厅 中央空调 卫生间配套,0, ,42831.9,4
SOHO3Q-银河3Q I,1,东城,朝阳门,小牌坊胡同甲7号,39.926193,116.438682,15,9.574468085,1500,"83,720.38",427,0.027331762,3,14.1084836,582.31,20.75471698,33,41.26984127,26,79,43.65682138,"1,552",95,2,0,5,22,前台接见 办公家具 复印打印 传真 办公宽带 WIFI 会议室 洽谈室 视频远程会议 多功能厅 咖啡厅 茶水间 书吧 休闲区 健身设施 中央空调 空气净化器 自动售卖机 微波炉 冰箱 卫生间配套 办公清,2,投融资服务 运营服务,328204,18
雷格斯（世纪财富中心）,3,朝阳,CBD,光华路5号,39.91270683,116.450614,45,41.4893617,4500,"81,560.57",549,0.02632183,3,13.93585721,575.24,23.27044025,37,80.95238095,51,111,48.49507736,"1,724",59,3,0,11,20,前台接见 办公家具 复印打印 传真 办公宽带 WIFI 会议室 洽谈室 多功能厅 茶水间 休闲区 健身设施 中央空调 空气净化器 自动售卖机 微波炉 冰箱 卫生间配套 办公清洁 饮用水,13,公司年检 法律咨询 财税代理 人事代理 人力招聘 投融资服务 运营服务 营销推荐 商务聚会 宣传设计 政策申请 创业辅导 政策顾问,141986,17
世鳌商务中心（亿利生态）,3,朝阳,CBD,光华路15号,39.91281347,116.4642865,17,11.70212766,1700,"79,230.43",670,0.028011335,3,19.00355264,782.79,21.3836478,34,33.33333333,21,50,35.66807314,"1,268",111,1,10,3,22,前台接见 办公家具 复印打印 传真 办公宽带 WIFI 会议室 洽谈室 视频远程会议 多功能厅 咖啡厅 茶水间 书吧 休闲区 中央空调 空气净化器 自动售卖机 微波炉 冰箱 卫生间配套 办公清洁 饮用水,13,公司年检 法律咨询 财税代理 人事代理 人力招聘 投融资服务 运营服务 营销推荐 商务聚会 宣传设计 政策申请 创业辅导 政策顾问, ,0
WeWork（慈云寺）,3,朝阳,四惠,东四环中路56号,39.91336086,116.4854335,32,27.65957447,3200,"66,502.89",793,0.040538425,3,17.1937835,708.67,32.70440252,52,17.46031746,11,39,24.52883263,872,65,2,0,4,25,前台接见 办公家具 复印打印 传真 办公宽带 WIFI 会议室 洽谈室 视频远程会议 多功能厅 咖啡厅 茶水间 书吧 休闲区 健身设施 中央空调 空气净化器 自动售卖机 微波炉 冰箱 卫生间配套 办公清,0, ,230000,18
OK Space （远洋国际中心）,3,朝阳,四惠,东四环中路56号,39.91339686,116.4852985,10,4.255319149,1000,"66,713.05",797,0.040410807,3,17.45601934,719.41,37.10691824,59,17.46031746,11,39,24.52883263,872,65,5,0,6,21,前台接见 办公家具 复印打印 传真 办公宽带 WIFI 会议室 洽谈室 视频远程会议 多功能厅 咖啡厅 茶水间 书吧 休闲区 健身设施 中央空调 卫生间配套 办公清洁 茶点 免费咖啡 饮用水,0, ,230000,18
E园超级办公室（华声国际）,3,朝阳,朝外,雅宝路8号,39.91346447,116.4300412,16,10.63829787,1600,"102,915.15",175,0.013726494,7,15.27706901,630.17,8.176100629,13,42.85714286,27,53,17.6652602,628,79,0,1,5,22,前台接见 办公家具 复印打印 传真 办公宽带 WIFI 会议室 洽谈室 多功能厅 咖啡厅 茶水间 书吧 休闲区 中央空调 空气净化器 自动售卖机 微波炉 冰箱 卫生间配套 办公清洁 茶点 饮用水,0, ,46000,7
FUNWORK?北京?澳门中心,1,东城,王府井,金鱼胡同王府井东街8号(近新东安百货),39.91349383,116.407046,13,7.446808511,1300,"109,870.24",1176,0.008522565,2,5.417831549,226.38,23.27044025,37,41.26984127,26,399,83.03797468,"2,952",108,0,6,5,25,前台接见 办公家具 复印打印 传真 办公宽带 WIFI 会议室 洽谈室 视频远程会议 多功能厅 咖啡厅 茶水间 书吧 休闲区 健身设施 中央空调 空气净化器 自动售卖机 微波炉 冰箱 卫生间配套 办公清,13,公司年检 法律咨询 财税代理 人事代理 人力招聘 投融资服务 运营服务 营销推荐 商务聚会 宣传设计 政策申请 创业辅导 政策顾问,13000,3
米域 MIXPACE（万科时代中心 ）,3,朝阳,十里堡,甲3号院,39.91375867,116.4967542,18,12.76595745,1800,"63,640.95",732,0.043397174,1,19.75729755,813.66,41.50943396,66,9.523809524,6,136,22.70042194,807,92,1,1,6,25,前台接见 办公家具 复印打印 传真 办公宽带 WIFI 会议室 洽谈室 视频远程会议 多功能厅 咖啡厅 茶水间 书吧 休闲区 健身设施 中央空调 空气净化器 自动售卖机 微波炉 冰箱 卫生间配套 办公清,13,公司年检 法律咨询 财税代理 人事代理 人力招聘 投融资服务 运营服务 营销推荐 商务聚会 宣传设计 政策申请 创业辅导 政策顾问, ,0
乐乎联合办公（住总大厦）,3,朝阳,CBD,东三环中路25号,39.91377779,116.4542922,12,6.382978723,1200,"83,528.54",419,0.025049439,3,5.132155632,214.68,50.31446541,80,76.19047619,48,65,31.02672293,"1,103",34,3,0,3,14,前台接见 办公家具 复印打印 办公宽带 WIFI 会议室 茶水间 休闲区 中央空调 微波炉 冰箱 卫生间配套 办公清洁 饮用水,13,公司年检 法律咨询 财税代理 人事代理 人力招聘 投融资服务 运营服务 营销推荐 商务聚会 宣传设计 政策申请 创业辅导 政策顾问,20000,4
氪空间（慈云寺）,3,朝阳,四惠,半亩桥街48号,39.91388086,116.4890355,16,10.63829787,1600,"64,575.66",792,0.043097174,3,15.3881652,634.72,44.02515723,70,22.22222222,14,39,24.7257384,879,51,2,0,24,25,前台接见 办公家具 复印打印 传真 办公宽带 WIFI 会议室 洽谈室 视频远程会议 多功能厅 咖啡厅 茶水间 书吧 休闲区 健身设施 中央空调 空气净化器 自动售卖机 微波炉 冰箱 卫生间配套 办公清,13,公司年检 法律咨询 财税代理 人事代理 人力招聘 投融资服务 运营服务 营销推荐 商务聚会 宣传设计 政策申请 创业辅导 政策顾问,180000,5
紫荆花科技孵化园（紫荆花孵化园）,4,海淀,万寿路,万寿路翠微中里14号3层,39.91409884,116.2895248,12,6.382978723,1200,"90,812.38",374,0.07770192,5,19.16567982,789.43,10.06289308,16,9.523809524,6,19,8.748241913,311,61,1,0,1,13,前台接见 办公家具 复印打印 传真 办公宽带 WIFI 会议室 洽谈室 休闲区 中央空调 冰箱 卫生间配套 办公清洁,0, ,5000,0
柚子胡同（莱锦文化创业园）,3,朝阳,八里庄,八里庄东里1号,39.91419586,116.4918955,21,15.95744681,2100,"63,992.50",862,0.045283474,1,17.14592668,706.71,43.39622642,69,19.04761905,12,128,22.64416315,805,66,2,0,2,21,前台接见 办公家具 复印打印 办公宽带 WIFI 会议室 洽谈室 视频远程会议 咖啡厅 茶水间 书吧 休闲区 中央空调 空气净化器 自动售卖机 微波炉 冰箱 卫生间配套 办公清洁 茶点 饮用水,0, ,99000,3
WeWork（淘汇新天）,1,东城,王府井,王府井大街219号,39.91436083,116.404605,25,20.21276596,2500,"112,876.65",959,0.010094801,6,1.175910439,52.65,22.64150943,36,33.33333333,21,345,75.75246132,"2,693",100,0,0,15,19,前台接见 办公家具 复印打印 传真 办公宽带 WIFI 会议室 洽谈室 茶水间 书吧 休闲区 中央空调 空气净化器 自动售卖机 微波炉 冰箱 卫生间配套 办公清洁 饮用水,0, , ,0
优客工场（王府井世纪大厦）,1,东城,其他,东安门大街55号,39.91440237,116.4013273,18,12.76595745,1800,"113,714.70",852,0.008042221,6,8.50191061,352.69,20.75471698,33,19.04761905,12,309,67.0323488,"2,383",86,0,1,1,25,前台接见 办公家具 复印打印 传真 办公宽带 WIFI 会议室 洽谈室 视频远程会议 多功能厅 咖啡厅 茶水间 书吧 休闲区 健身设施 中央空调 空气净化器 自动售卖机 微波炉 冰箱 卫生间配套 办公清,0, ,55000,6
E园共享办公,3,朝阳,永安里,东二环雅宝路7号,39.91445547,116.4305852,25,20.21276596,2500,"102,809.79",184,0.014390641,7,17.81592216,734.15,8.176100629,13,44.44444444,28,48,17.6371308,627,132,0,1,6,22,前台接见 办公家具 复印打印 传真 办公宽带 WIFI 会议室 洽谈室 视频远程会议 多功能厅 咖啡厅 茶水间 书吧 休闲区 健身设施 中央空调 空气净化器 自动售卖机 微波炉 冰箱 卫生间配套 办公清,13,公司年检 法律咨询 财税代理 人事代理 人力招聘 投融资服务 运营服务 营销推荐 商务聚会 宣传设计 政策申请 创业辅导 政策顾问, ,0
世鳌商务中心（中海广场）,3,朝阳,国贸,北京朝阳区光华路东里8号,39.91460279,116.4537042,24,19.14893617,2400,"83,146.71",467,0.024221923,3,5.130690628,214.62,36.47798742,58,69.84126984,44,70,35.55555556,"1,264",35,3,0,2,23,前台接见 办公家具 复印打印 传真 办公宽带 WIFI 会议室 洽谈室 视频远程会议 咖啡厅 茶水间 书吧 休闲区 健身设施 中央空调 空气净化器 自动售卖机 微波炉 冰箱 卫生间配套 办公清洁 免费咖,13,公司年检 法律咨询 财税代理 人事代理 人力招聘 投融资服务 运营服务 营销推荐 商务聚会 宣传设计 政策申请 创业辅导 政策顾问,151000,12
世鳌商务中心（京汇大厦）,3,朝阳,国贸,朝阳区区建国路乙118号,39.91460279,116.4537042,19,13.82978723,1900,"83,146.71",467,0.024221923,3,5.130690628,214.62,36.47798742,58,69.84126984,44,70,35.55555556,"1,264",35,3,0,7,24,前台接见 办公家具 复印打印 传真 办公宽带 WIFI 会议室 洽谈室 视频远程会议 多功能厅 咖啡厅 茶水间 书吧 健身设施 中央空调 空气净化器 自动售卖机 微波炉 冰箱 卫生间配套 办公清洁 茶点,13,公司年检 法律咨询 财税代理 人事代理 人力招聘 投融资服务 运营服务 营销推荐 商务聚会 宣传设计 政策申请 创业辅导 政策顾问,41000,4
紫荆花科技孵化器（计世传媒大厦）,4,海淀,万寿路,翠微北里14号院,39.91467413,116.2936173,12,6.382978723,1200,"91,794.03",531,0.07367241,5,18.56673707,764.9,16.35220126,26,12.6984127,8,74,17.89029536,636,65,2,1,5,22,前台接见 办公家具 复印打印 传真 办公宽带 WIFI 会议室 洽谈室 视频远程会议 多功能厅 咖啡厅 茶水间 书吧 休闲区 健身设施 中央空调 空气净化器 自动售卖机 微波炉 冰箱 卫生间配套 办公清,13,公司年检 法律咨询 财税代理 人事代理 人力招聘 投融资服务 运营服务 营销推荐 商务聚会 宣传设计 政策申请 创业辅导 政策顾问, ,0
WeWork（光华路）,3,朝阳,国贸,金桐西路10号,39.91471783,116.448251,28,23.40425532,2800,"81,891.07",686,0.024756933,3,18.14530405,747.64,15.09433962,24,63.49206349,40,136,78.2278481,"2,781",81,2,0,4,25,前台接见 办公家具 复印打印 传真 办公宽带 WIFI 会议室 洽谈室 视频远程会议 多功能厅 咖啡厅 茶水间 书吧 休闲区 健身设施 中央空调 空气净化器 自动售卖机 微波炉 冰箱 卫生间配套 办公清,0, ,212946,32
Distrii办伴－慈云寺远洋国际办公空间,3,朝阳,四惠,北京市朝阳区东四环中路56号,39.91473886,116.4854885,19,13.82978723,1900,"66,034.38",782,0.039731086,3,19.97924577,822.75,38.36477987,61,19.04761905,12,32,23.5161744,836,59,3,0,24,25,前台接见 办公家具 复印打印 传真 办公宽带 WIFI 会议室 洽谈室 视频远程会议 多功能厅 咖啡厅 茶水间 书吧 休闲区 健身设施 中央空调 空气净化器 自动售卖机 微波炉 冰箱 卫生间配套 办公清,13,公司年检 法律咨询 财税代理 人事代理 人力招聘 投融资服务 运营服务 营销推荐 商务聚会 宣传设计 政策申请 创业辅导 政策顾问,88000,18
梦想加（天阶大厦）,3,朝阳,CBD,光华路9号-2号楼,39.91483983,116.446615,33,28.72340426,3300,"81,960.51",662,0.025063241,3,16.87490081,695.61,15.09433962,24,52.38095238,33,117,73.02390999,"2,596",84,2,1,9,25,前台接见 办公家具 复印打印 传真 办公宽带 WIFI 会议室 洽谈室 视频远程会议 多功能厅 咖啡厅 茶水间 书吧 休闲区 健身设施 中央空调 空气净化器 自动售卖机 微波炉 冰箱 卫生间配套 办公清,0, ,211200,26
E园超级办公室（万邦大厦）,3,朝阳,朝外,北京市朝阳区外交部南街10号,39.91529647,116.4305512,14,8.510638298,1400,"103,072.85",177,0.014513551,7,19.71432408,811.9,8.176100629,13,50.79365079,32,62,18.53727145,659,162,0,1,2,20,前台接见 办公家具 复印打印 传真 办公宽带 WIFI 会议室 洽谈室 多功能厅 咖啡厅 茶水间 休闲区 中央空调 空气净化器 微波炉 冰箱 卫生间配套 办公清洁 免费咖啡 饮用水,0, , ,1
世服宏图（财富金融中心）,3,朝阳,CBD,东三环中路7号,39.91609583,116.452165,50,46.80851064,5000,"80,757.91",584,0.022793537,3,8.676734505,359.85,42.7672956,68,90.47619048,57,103,49.78902954,"1,770",39,1,0,5,22,前台接见 办公家具 复印打印 传真 办公宽带 WIFI 会议室 洽谈室 视频远程会议 多功能厅 咖啡厅 茶水间 健身设施 中央空调 空气净化器 微波炉 冰箱 卫生间配套 办公清洁 茶点 免费咖啡 饮用水,13,公司年检 法律咨询 财税代理 人事代理 人力招聘 投融资服务 运营服务 营销推荐 商务聚会 宣传设计 政策申请 创业辅导 政策顾问,176000,40
世服宏图（华贸中心）,3,朝阳,大望路,建国路79号,39.91609583,116.452165,20,14.89361702,2000,"80,757.91",584,0.022793537,3,8.676734505,359.85,42.7672956,68,90.47619048,57,103,49.78902954,"1,770",39,1,0,5,22,前台接见 办公家具 复印打印 传真 办公宽带 WIFI 会议室 洽谈室 视频远程会议 多功能厅 咖啡厅 茶水间 健身设施 中央空调 空气净化器 微波炉 冰箱 卫生间配套 办公清洁 茶点 免费咖啡 饮用水,13,公司年检 法律咨询 财税代理 人事代理 人力招聘 投融资服务 运营服务 营销推荐 商务聚会 宣传设计 政策申请 创业辅导 政策顾问,100000,12
FUNWORK?北京?中骏世界城,3,朝阳,朝外,金汇路10号,39.91620383,116.445611,12,6.382978723,1200,"82,927.56",656,0.02408763,3,13.3298336,550.42,22.64150943,36,49.20634921,31,130,71.22362869,"2,532",108,2,1,1,25,前台接见 办公家具 复印打印 传真 办公宽带 WIFI 会议室 洽谈室 视频远程会议 多功能厅 咖啡厅 茶水间 书吧 休闲区 健身设施 中央空调 空气净化器 自动售卖机 微波炉 冰箱 卫生间配套 办公清,13,公司年检 法律咨询 财税代理 人事代理 人力招聘 投融资服务 运营服务 营销推荐 商务聚会 宣传设计 政策申请 创业辅导 政策顾问,120000,0
雷格斯（卓著中心）,2,西城,金融街,武定侯街6号,39.91663516,116.3556825,70,68.08510638,7000,"114,429.18",324,0.025539735,5,19.53168683,804.42,12.57861635,20,100,63,78,20.84388186,741,39,1,1,5,19,前台接见 办公家具 复印打印 传真 办公宽带 WIFI 会议室 洽谈室 多功能厅 茶水间 休闲区 中央空调 空气净化器 自动售卖机 微波炉 冰箱 卫生间配套 办公清洁 饮用水,13,公司年检 法律咨询 财税代理 人事代理 人力招聘 投融资服务 运营服务 营销推荐 商务聚会 宣传设计 政策申请 创业辅导 政策顾问,34882,8
星库空间（菁英谷）,3,朝阳,高碑店,朝阳路35号太平庄北社区,39.91672551,116.5345934,15,9.574468085,1500,"51,176.08",203,0.041292781,1,29.34868333,1206.48,13.83647799,22,3.174603175,2,19,6.610407876,235,37,0,1,3,21,前台接见 办公家具 复印打印 传真 办公宽带 WIFI 会议室 洽谈室 视频远程会议 多功能厅 咖啡厅 茶水间 休闲区 中央空调 空气净化器 自动售卖机 微波炉 冰箱 卫生间配套 办公清洁 饮用水,0, ,20000,0
艾克商务中心（环球金融中心）,3,朝阳,CBD,东三环中路1号环球金融中心,39.91738579,116.4534192,47,43.61702128,4700,"77,961.76",469,0.021443379,3,7.263737471,301.98,50.31446541,80,57.14285714,36,82,38.48101266,"1,368",59,2,1,3,10,前台接见 办公家具 复印打印 传真 办公宽带 WIFI 会议室 洽谈室 视频远程会议 多功能厅,0, ,252098,20
桉树IBC（侨福芳草地大厦）,3,朝阳,CBD,东大桥路9号,39.91765883,116.443669,36,31.91489362,3600,"82,647.67",627,0.023503899,3,10.74483281,444.55,28.93081761,46,41.26984127,26,217,73.81153305,"2,624",124,1,1,21,12,前台接见 办公家具 办公宽带 WIFI 会议室 洽谈室 视频远程会议 茶水间 休闲区 冰箱 卫生间配套 办公清洁,3,法律咨询 财税代理 营销推荐,87000,18
氪空间（兆泰国际中心）,1,东城,朝阳门,朝阳门外二条56号,39.91774642,116.4305452,17,11.70212766,1700,"100,836.11",289,0.015221587,7,14.03840754,579.44,13.83647799,22,34.92063492,22,97,28.91701828,"1,028",157,0,0,31,25,前台接见 办公家具 复印打印 传真 办公宽带 WIFI 会议室 洽谈室 视频远程会议 多功能厅 咖啡厅 茶水间 书吧 休闲区 健身设施 中央空调 空气净化器 自动售卖机 微波炉 冰箱 卫生间配套 办公清,0, ,360000,5
we office（华业国际中心）,3,朝阳,红庙,东四环中路39号,39.91799046,116.482031,12,6.382978723,1200,"69,822.18",386,0.035013601,3,25.93790822,1066.79,20.12578616,32,4.761904762,3,21,13.86779184,493,74,3,3,20,25,前台接见 办公家具 复印打印 传真 办公宽带 WIFI 会议室 洽谈室 视频远程会议 多功能厅 咖啡厅 茶水间 书吧 休闲区 健身设施 中央空调 空气净化器 自动售卖机 微波炉 冰箱 卫生间配套 办公清,0, ,82592,4
we office（华业国际中心）,3,朝阳,红庙,东四环中路39号,39.91799046,116.482031,12,6.382978723,1200,"69,822.18",386,0.035013601,3,25.93790822,1066.79,20.12578616,32,4.761904762,3,21,13.86779184,493,74,3,3,20,25,前台接见 办公家具 复印打印 传真 办公宽带 WIFI 会议室 洽谈室 视频远程会议 多功能厅 咖啡厅 茶水间 书吧 休闲区 健身设施 中央空调 空气净化器 自动售卖机 微波炉 冰箱 卫生间配套 办公清,0, ,82592,4
E园超级办公室（日坛国际贸易中心）,3,朝阳,朝外,日坛北路17号,39.91812505,116.4351297,14,8.510638298,1400,"100,585.25",549,0.019672344,7,20.40824798,840.32,0.628930818,1,26.98412698,17,113,53.02390999,"1,885",192,0,0,2,20,前台接见 办公家具 复印打印 传真 办公宽带 WIFI 会议室 洽谈室 多功能厅 咖啡厅 茶水间 休闲区 中央空调 空气净化器 微波炉 冰箱 卫生间配套 办公清洁 免费咖啡 饮用水,0, ,380000,3
创富港（万通中心）,3,朝阳,CBD,朝阳门外大街甲6号,39.91826549,116.450917,21,15.95744681,2100,"79,264.15",635,0.020772363,3,13.49342579,557.12,42.7672956,68,58.73015873,37,99,57.49648383,"2,044",84,0,1,5,25,前台接见 办公家具 复印打印 传真 办公宽带 WIFI 会议室 洽谈室 视频远程会议 多功能厅 咖啡厅 茶水间 书吧 休闲区 健身设施 中央空调 空气净化器 自动售卖机 微波炉 冰箱 卫生间配套 办公清,13,公司年检 法律咨询 财税代理 人事代理 人力招聘 投融资服务 运营服务 营销推荐 商务聚会 宣传设计 政策申请 创业辅导 政策顾问,200000,7
创富港（皇城国际大厦）,3,朝阳,和平街,和平里中街,39.91826905,116.4367357,10,4.255319149,1000,"99,467.87",533,0.021249792,7,22.89118678,942.01,8.805031447,14,22.22222222,14,115,52.40506329,"1,863",200,0,0,2,25,前台接见 办公家具 复印打印 传真 办公宽带 WIFI 会议室 洽谈室 视频远程会议 多功能厅 咖啡厅 茶水间 书吧 休闲区 健身设施 中央空调 空气净化器 自动售卖机 微波炉 冰箱 卫生间配套 办公清,13,公司年检 法律咨询 财税代理 人事代理 人力招聘 投融资服务 运营服务 营销推荐 商务聚会 宣传设计 政策申请 创业辅导 政策顾问,96683.38,11
雷格斯（侨福芳草地大厦）,3,朝阳,CBD,东大桥路9号,39.91830149,116.442699,70,68.08510638,7000,"83,175.65",610,0.023375455,3,10.66596672,441.32,23.27044025,37,34.92063492,22,194,75.18987342,"2,673",132,1,1,4,25,前台接见 办公家具 复印打印 传真 办公宽带 WIFI 会议室 洽谈室 视频远程会议 多功能厅 咖啡厅 茶水间 书吧 休闲区 健身设施 中央空调 空气净化器 自动售卖机 微波炉 冰箱 卫生间配套 办公清,13,公司年检 法律咨询 财税代理 人事代理 人力招聘 投融资服务 运营服务 营销推荐 商务聚会 宣传设计 政策申请 创业辅导 政策顾问,87000,18
梦想加（常营龙湖一展）,3,朝阳,常营,朝阳北路东十里堡路交汇处南50米,39.91868733,116.4959056,16,10.63829787,1600,"64,674.37",461,0.03938954,1,7.629744479,316.97,30.18867925,48,9.523809524,6,133,16.14627286,574,82,3,3,8,25,前台接见 办公家具 复印打印 传真 办公宽带 WIFI 会议室 洽谈室 视频远程会议 多功能厅 咖啡厅 茶水间 书吧 休闲区 健身设施 中央空调 空气净化器 自动售卖机 微波炉 冰箱 卫生间配套 办公清,0, ,460000,4
你的空间（银河SOHO）,1,东城,朝阳门,小牌坊胡同甲7号,39.91897542,116.4266222,18,12.76595745,1800,"101,653.75",190,0.012290953,7,10.8664282,449.53,12.57861635,20,25.3968254,16,48,14.03656821,499,130,1,1,3,15,前台接见 办公家具 复印打印 传真 办公宽带 WIFI 会议室 洽谈室 视频远程会议 多功能厅 中央空调 微波炉 冰箱 卫生间配套 办公清洁,4,公司年检 法律咨询 财税代理 人事代理,328204,18
雷格斯（泰康金融大厦）,3,朝阳,呼家楼,东三环北路38号院1号,39.91898144,116.4570383,60,57.44680851,6000,"79,466.10",317,0.020090769,3,7.611187753,316.21,39.62264151,63,33.33333333,21,48,21.7721519,774,105,3,4,6,25,前台接见 办公家具 复印打印 传真 办公宽带 WIFI 会议室 洽谈室 视频远程会议 多功能厅 咖啡厅 茶水间 书吧 休闲区 健身设施 中央空调 空气净化器 自动售卖机 微波炉 冰箱 卫生间配套 办公清,0, ,67000,15
裸心社（东大桥）,3,朝阳,东大桥,东大桥路6号,39.91918549,116.445731,38,34.04255319,3800,"82,002.98",703,0.021265944,3,6.071467813,253.15,40.88050314,65,46.03174603,29,225,79.52180028,"2,827",118,0,2,4,25,前台接见 办公家具 复印打印 传真 办公宽带 WIFI 会议室 洽谈室 视频远程会议 多功能厅 咖啡厅 茶水间 书吧 休闲区 健身设施 中央空调 空气净化器 自动售卖机 微波炉 冰箱 卫生间配套 办公清,0, ,22000,0
世鳌商务中心（悠唐国际）,3,朝阳,朝外,三丰北里1号,39.92003305,116.4340627,15,9.574468085,1500,"101,058.78",643,0.01934951,7,15.69435119,647.26,21.3836478,34,38.0952381,24,122,66.10407876,"2,350",177,0,0,5,23,前台接见 办公家具 复印打印 传真 办公宽带 WIFI 会议室 洽谈室 视频远程会议 多功能厅 咖啡厅 茶水间 书吧 休闲区 中央空调 空气净化器 自动售卖机 微波炉 冰箱 卫生间配套 办公清洁 免费咖,13,公司年检 法律咨询 财税代理 人事代理 人力招聘 投融资服务 运营服务 营销推荐 商务聚会 宣传设计 政策申请 创业辅导 政策顾问,34006,4
创富港（北京INN）,1,东城,朝阳门,南竹竿胡同6号,39.92040042,116.4254492,14,8.510638298,1400,"102,840.57",204,0.012238066,7,9.629720062,398.88,14.46540881,23,31.74603175,20,45,14.59915612,519,114,0,1,2,25,前台接见 办公家具 复印打印 传真 办公宽带 WIFI 会议室 洽谈室 视频远程会议 多功能厅 咖啡厅 茶水间 书吧 休闲区 健身设施 中央空调 空气净化器 自动售卖机 微波炉 冰箱 卫生间配套 办公清,13,公司年检 法律咨询 财税代理 人事代理 人力招聘 投融资服务 运营服务 营销推荐 商务聚会 宣传设计 政策申请 创业辅导 政策顾问,19741.61,6
方糖小镇（隐源钓鱼台）,2,西城,阜成门,阜成门外大街甲40号,39.92043033,116.3315841,12,6.382978723,1200,"110,798.82",120,0.037143291,5,8.054107507,334.35,30.18867925,48,23.80952381,15,19,10.604782,377,99,0,2,11,11,前台接见 复印打印 办公宽带 WIFI 会议室 休闲区 自动售卖机 卫生间配套 办公清洁 茶点 饮用水,4,公司年检 法律咨询 投融资服务 营销推荐, ,0
梦想加（朝外MEN）,3,朝阳,朝外,北京市朝阳国贸,39.92065205,116.4353747,18,12.76595745,1800,"100,580.30",650,0.020799829,7,17.9753635,740.68,16.35220126,26,42.85714286,27,129,67.70745429,"2,407",187,0,0,4,25,前台接见 办公家具 复印打印 传真 办公宽带 WIFI 会议室 洽谈室 视频远程会议 多功能厅 咖啡厅 茶水间 书吧 休闲区 健身设施 中央空调 空气净化器 自动售卖机 微波炉 冰箱 卫生间配套 办公清,13,公司年检 法律咨询 财税代理 人事代理 人力招聘 投融资服务 运营服务 营销推荐 商务聚会 宣传设计 政策申请 创业辅导 政策顾问,110000,11
智客空间（北京INN）,1,东城,朝阳门,南竹竿胡同6号,39.92101242,116.4263152,25,20.21276596,2500,"102,371.65",211,0.013291447,7,7.072066023,294.13,14.46540881,23,36.50793651,23,43,13.83966245,492,97,0,1,6,17,前台接见 办公家具 复印打印 传真 办公宽带 WIFI 会议室 洽谈室 视频远程会议 多功能厅 中央空调 空气净化器 微波炉 冰箱 卫生间配套 办公清洁 饮用水,13,公司年检 法律咨询 财税代理 人事代理 人力招聘 投融资服务 运营服务 营销推荐 商务聚会 宣传设计 政策申请 创业辅导 政策顾问,19741.61,6
骏一孵化器（青年汇）,3,朝阳,朝青板块,甘露园中里青年汇小区,39.92115626,116.5077173,6,0,600,"64,149.68",560,0.032782635,1,9.210728718,381.72,15.09433962,24,7.936507937,5,57,32.26441632,"1,147",73,0,0,4,25,前台接见 办公家具 复印打印 传真 办公宽带 WIFI 会议室 洽谈室 视频远程会议 多功能厅 咖啡厅 茶水间 书吧 休闲区 健身设施 中央空调 空气净化器 自动售卖机 微波炉 冰箱 卫生间配套 办公清,13,公司年检 法律咨询 财税代理 人事代理 人力招聘 投融资服务 运营服务 营销推荐 商务聚会 宣传设计 政策申请 创业辅导 政策顾问,320000,0
创富港（中认大厦）,3,朝阳,朝外,朝阳门外大街甲10号,39.92117505,116.4412327,17,11.70212766,1700,"92,319.48",645,0.021718487,3,10.40495172,430.63,35.22012579,56,33.33333333,21,160,68.49507736,"2,435",146,0,2,3,18,前台接见 办公家具 复印打印 传真 办公宽带 WIFI 会议室 洽谈室 咖啡厅 休闲区 中央空调 空气净化器 自动售卖机 微波炉 冰箱 卫生间配套 办公清洁 饮用水,13,公司年检 法律咨询 财税代理 人事代理 人力招聘 投融资服务 运营服务 营销推荐 商务聚会 宣传设计 政策申请 创业辅导 政策顾问, ,0
能+空间（金泰国益大厦）,3,朝阳,朝青板块,朝阳区朝阳北路103号,39.92240726,116.5106033,23,18.08510638,2300,"64,006.67",715,0.031020555,1,2.168939459,93.32,21.3836478,34,22.22222222,14,143,38.45288326,"1,367",81,0,0,2,25,前台接见 办公家具 复印打印 传真 办公宽带 WIFI 会议室 洽谈室 视频远程会议 多功能厅 咖啡厅 茶水间 书吧 休闲区 健身设施 中央空调 空气净化器 自动售卖机 微波炉 冰箱 卫生间配套 办公清,0, ,30183,6
雷格斯（中国人寿大厦）,3,朝阳,朝外,北京市朝阳区朝阳门外大街16号,39.92242805,116.4339127,40,36.17021277,4000,"100,349.67",672,0.019233685,4,13.42774475,554.43,17.61006289,28,44.44444444,28,106,64.78199719,"2,303",168,0,1,8,25,前台接见 办公家具 复印打印 传真 办公宽带 WIFI 会议室 洽谈室 视频远程会议 多功能厅 咖啡厅 茶水间 书吧 休闲区 健身设施 中央空调 空气净化器 自动售卖机 微波炉 冰箱 卫生间配套 办公清,13,公司年检 法律咨询 财税代理 人事代理 人力招聘 投融资服务 运营服务 营销推荐 商务聚会 宣传设计 政策申请 创业辅导 政策顾问,115800,14
优客工场（优客工场维拓社区）,3,朝阳,朝阳公园,道家村1号楼1号,39.92276646,116.479013,14,8.510638298,1400,"70,698.29",500,0.029816266,3,17.01065791,701.17,16.98113208,27,11.11111111,7,25,15.16174402,539,93,2,3,3,18,前台接见 办公家具 办公宽带 WIFI 会议室 洽谈室 视频远程会议 多功能厅 咖啡厅 茶水间 休闲区 中央空调 自动售卖机 微波炉 冰箱 卫生间配套 办公清洁 饮用水,0, , ,0
WeWork（百富国际大厦）,3,朝阳,三里屯,工体东路18号,39.92300149,116.444857,34,29.78723404,3400,"82,236.46",415,0.01821941,3,3.426157659,144.81,42.13836478,67,25.3968254,16,145,38.67791842,"1,375",122,0,8,12,25,前台接见 办公家具 复印打印 传真 办公宽带 WIFI 会议室 洽谈室 视频远程会议 多功能厅 咖啡厅 茶水间 书吧 休闲区 健身设施 中央空调 空气净化器 自动售卖机 微波炉 冰箱 卫生间配套 办公清,13,公司年检 法律咨询 财税代理 人事代理 人力招聘 投融资服务 运营服务 营销推荐 商务聚会 宣传设计 政策申请 创业辅导 政策顾问,102638,5
办公之家（SOHO现代城）,3,朝阳,大望路,北京朝阳区建国路88号建国门外临近金地中心,39.92314949,116.450529,7,1.063829787,700,"77,580.53",316,0.016030801,3,12.65055975,522.6,27.04402516,43,22.22222222,14,46,27.76371308,987,144,0,10,2,25,前台接见 办公家具 复印打印 传真 办公宽带 WIFI 会议室 洽谈室 视频远程会议 多功能厅 咖啡厅 茶水间 书吧 休闲区 健身设施 中央空调 空气净化器 自动售卖机 微波炉 冰箱 卫生间配套 办公清,0, ,490000,5
众舍空间（优农中心）,3,朝阳,朝外,朝外大街223号,39.92363805,116.4359707,10,4.255319149,1000,"97,980.56",730,0.018580782,4,18.34649803,755.88,18.86792453,30,49.20634921,31,104,69.19831224,"2,460",157,0,2,5,25,前台接见 办公家具 复印打印 传真 办公宽带 WIFI 会议室 洽谈室 视频远程会议 多功能厅 咖啡厅 茶水间 书吧 休闲区 健身设施 中央空调 空气净化器 自动售卖机 微波炉 冰箱 卫生间配套 办公清,0, , ,0
赢地空间·东大桥店（中复大厦）,3,朝阳,东大桥,工人体育场东路18号,39.92366849,116.444914,15,9.574468085,1500,"83,413.64",377,0.017614144,3,4.893115699,204.89,36.47798742,58,23.80952381,15,143,38.08720113,"1,354",127,0,8,4,25,前台接见 办公家具 复印打印 传真 办公宽带 WIFI 会议室 洽谈室 视频远程会议 多功能厅 咖啡厅 茶水间 书吧 休闲区 健身设施 中央空调 空气净化器 自动售卖机 微波炉 冰箱 卫生间配套 办公清,0, ,3940.5,4
侠客岛（华城骏）,3,朝阳,呼家楼,东三环北路向军北里6号楼,39.92482844,116.4549223,15,9.574468085,1500,"77,303.46",287,0.014033579,3,7.007605816,291.49,32.70440252,52,15.87301587,10,46,23.93811533,851,171,2,3,3,21,前台接见 办公家具 复印打印 办公宽带 WIFI 会议室 洽谈室 多功能厅 咖啡厅 茶水间 书吧 休闲区 健身设施 中央空调 自动售卖机 微波炉 冰箱 卫生间配套 办公清洁 茶点 饮用水,13,公司年检 法律咨询 财税代理 人事代理 人力招聘 投融资服务 运营服务 营销推荐 商务聚会 宣传设计 政策申请 创业辅导 政策顾问,13000,6
无界空间（大悦城店）,3,朝阳,朝青板块,青年路113号,39.92560929,116.5127066,15,9.574468085,1500,"65,291.27",672,0.027597238,1,9.119654259,377.99,26.41509434,42,20.63492063,13,143,35.92123769,"1,277",97,0,0,1,23,前台接见 办公家具 复印打印 传真 办公宽带 WIFI 会议室 洽谈室 多功能厅 咖啡厅 茶水间 书吧 休闲区 健身设施 中央空调 空气净化器 微波炉 冰箱 卫生间配套 办公清洁 茶点 免费咖啡 饮用水,13,公司年检 法律咨询 财税代理 人事代理 人力招聘 投融资服务 运营服务 营销推荐 商务聚会 宣传设计 政策申请 创业辅导 政策顾问, ,0
P2·团结湖音乐空间,3,朝阳,团结湖,朝阳区白家庄东里23号,39.92661444,116.4581263,10,4.255319149,1000,"76,755.43",484,0.012923606,3,12.67668567,523.67,27.04402516,43,17.46031746,11,45,28.43881857,"1,011",243,2,3,7,25,前台接见 办公家具 复印打印 传真 办公宽带 WIFI 会议室 洽谈室 视频远程会议 多功能厅 咖啡厅 茶水间 书吧 休闲区 健身设施 中央空调 空气净化器 自动售卖机 微波炉 冰箱 卫生间配套 办公清,13,公司年检 法律咨询 财税代理 人事代理 人力招聘 投融资服务 运营服务 营销推荐 商务聚会 宣传设计 政策申请 创业辅导 政策顾问,12000,2
易得商务中心（博瑞大厦）,3,朝阳,团结湖,姚家园路1号,39.92807681,116.454544,35,30.85106383,3500,"77,575.85",431,0.010767071,3,10.83419809,448.21,29.55974843,47,19.04761905,12,40,31.22362869,"1,110",212,1,4,2,25,前台接见 办公家具 复印打印 传真 办公宽带 WIFI 会议室 洽谈室 视频远程会议 多功能厅 咖啡厅 茶水间 书吧 休闲区 健身设施 中央空调 空气净化器 自动售卖机 微波炉 冰箱 卫生间配套 办公清,13,公司年检 法律咨询 财税代理 人事代理 人力招聘 投融资服务 运营服务 营销推荐 商务聚会 宣传设计 政策申请 创业辅导 政策顾问,43653.28,17
易得商务中心（SOHO嘉盛中心）,3,朝阳,团结湖,东三环北路甲19号,39.92807681,116.454544,18,12.76595745,1800,"77,575.85",431,0.010767071,3,10.83419809,448.21,29.55974843,47,19.04761905,12,40,31.22362869,"1,110",212,1,4,7,25,前台接见 办公家具 复印打印 传真 办公宽带 WIFI 会议室 洽谈室 视频远程会议 多功能厅 咖啡厅 茶水间 书吧 休闲区 健身设施 中央空调 空气净化器 自动售卖机 微波炉 冰箱 卫生间配套 办公清,13,公司年检 法律咨询 财税代理 人事代理 人力招聘 投融资服务 运营服务 营销推荐 商务聚会 宣传设计 政策申请 创业辅导 政策顾问,105003,18
易得商务中心（悠唐国际中心）,3,朝阳,朝外,三丰北里1号,39.92807681,116.454544,18,12.76595745,1800,"77,575.85",431,0.010767071,3,10.83419809,448.21,29.55974843,47,19.04761905,12,40,31.22362869,"1,110",212,1,4,6,25,前台接见 办公家具 复印打印 传真 办公宽带 WIFI 会议室 洽谈室 视频远程会议 多功能厅 咖啡厅 茶水间 书吧 休闲区 健身设施 中央空调 空气净化器 自动售卖机 微波炉 冰箱 卫生间配套 办公清,13,公司年检 法律咨询 财税代理 人事代理 人力招聘 投融资服务 运营服务 营销推荐 商务聚会 宣传设计 政策申请 创业辅导 政策顾问,34006,4
瀚海众创空间(瀚海科技大厦),1,东城,灯市口,前炒面胡同33号,39.928962,116.426031,8,2.127659574,800,"87,021.04",157,0.050061687,6,14.60536436,602.66,30.81761006,49,14.28571429,9,32,12.43319269,442,70,0,0,1,19,前台接见 办公家具 复印打印 传真 办公宽带 WIFI 会议室 洽谈室 视频远程会议 多功能厅 咖啡厅 茶水间 书吧 休闲区 健身设施 冰箱 茶点 免费咖啡 饮用水,0, ,15000,2
尚科创业社区（尚科创业社区（冠捷项目））,3,朝阳,酒仙桥,酒仙桥东路18号,39.93010181,116.456668,15,9.574468085,1500,"74,249.94",612,0.0091539,3,6.059015273,252.64,33.33333333,53,28.57142857,18,35,37.15893108,"1,321",244,1,4,1,16,前台接见 办公家具 复印打印 传真 办公宽带 WIFI 会议室 洽谈室 茶水间 休闲区 中央空调 空气净化器 冰箱 卫生间配套 办公清洁 饮用水,0, ,40000,3
尚科创业社区(尚科办公社区（酒仙桥）,3,朝阳,酒仙桥,酒仙桥中路18号,39.93010181,116.456668,15,9.574468085,1500,"74,249.94",612,0.0091539,3,6.059015273,252.64,33.33333333,53,28.57142857,18,35,37.15893108,"1,321",244,1,4,2,25,前台接见 办公家具 复印打印 传真 办公宽带 WIFI 会议室 洽谈室 视频远程会议 多功能厅 咖啡厅 茶水间 书吧 休闲区 健身设施 中央空调 空气净化器 自动售卖机 微波炉 冰箱 卫生间配套 办公清,0, ,45800,3
雷格斯（五矿广场）,1,东城,东四十条,朝阳门北大街5号,39.93023753,116.4266467,50,46.80851064,5000,"100,351.76",307,0.01161913,4,5.779443542,241.19,15.72327044,25,41.26984127,26,38,24.05063291,855,93,0,5,6,25,前台接见 办公家具 复印打印 传真 办公宽带 WIFI 会议室 洽谈室 视频远程会议 多功能厅 咖啡厅 茶水间 书吧 休闲区 健身设施 中央空调 空气净化器 自动售卖机 微波炉 冰箱 卫生间配套 办公清,13,公司年检 法律咨询 财税代理 人事代理 人力招聘 投融资服务 运营服务 营销推荐 商务聚会 宣传设计 政策申请 创业辅导 政策顾问,124332,30
雷格斯（新东安广场）,1,东城,王府井,王府井大街138号,39.93023753,116.4266467,40,36.17021277,4000,"100,351.76",307,0.01161913,4,5.779443542,241.19,15.72327044,25,41.26984127,26,38,24.05063291,855,93,0,5,3,25,前台接见 办公家具 复印打印 传真 办公宽带 WIFI 会议室 洽谈室 视频远程会议 多功能厅 咖啡厅 茶水间 书吧 休闲区 健身设施 中央空调 空气净化器 自动售卖机 微波炉 冰箱 卫生间配套 办公清,13,公司年检 法律咨询 财税代理 人事代理 人力招聘 投融资服务 运营服务 营销推荐 商务聚会 宣传设计 政策申请 创业辅导 政策顾问,39000,12
瀚海众创空间（瀚海文化大厦）,3,朝阳,CBD,朝阳区向军北里，东三环与朝阳北路交汇处,39.930954,116.46667,10,4.255319149,1000,"87,021.04",155,0.049952793,6,14.98284724,618.12,30.81761006,49,14.28571429,9,31,12.51758087,445,71,0,0,1,25,前台接见 办公家具 复印打印 传真 办公宽带 WIFI 会议室 洽谈室 视频远程会议 多功能厅 咖啡厅 茶水间 书吧 休闲区 健身设施 中央空调 空气净化器 自动售卖机 微波炉 冰箱 卫生间配套 办公清,0, ,10600,2
SOHO3Q（三里屯soho）,3,朝阳,三里屯,工体北路8号,39.93104986,116.4472698,26,21.27659574,2600,"88,039.01",835,0.010210989,3,20.64460207,850,31.44654088,50,20.63492063,13,96,71.02672293,"2,525",107,2,4,16,22,前台接见 办公家具 复印打印 传真 办公宽带 WIFI 会议室 洽谈室 视频远程会议 多功能厅 咖啡厅 茶水间 书吧 休闲区 健身设施 中央空调 空气净化器 自动售卖机 微波炉 冰箱 卫生间配套 办公清,13,公司年检 法律咨询 财税代理 人事代理 人力招聘 投融资服务 运营服务 营销推荐 商务聚会 宣传设计 政策申请 创业辅导 政策顾问,120000,8
裸心社（三里屯）,3,朝阳,工体,工体北路甲2,39.93111281,116.453402,53,50,5300,"76,640.88",640,0.007726616,3,6.256302572,260.72,32.70440252,52,25.3968254,16,50,50.40787623,"1,792",173,1,4,9,25,前台接见 办公家具 复印打印 传真 办公宽带 WIFI 会议室 洽谈室 视频远程会议 多功能厅 咖啡厅 茶水间 书吧 休闲区 健身设施 中央空调 空气净化器 自动售卖机 微波炉 冰箱 卫生间配套 办公清,0, ,174433,10
DayDayUp（三里屯SOHO）,3,朝阳,三里屯,工体北路8号,39.93124286,116.4482238,28,23.40425532,2800,"87,993.87",809,0.009464645,3,18.27007362,752.75,27.67295597,44,22.22222222,14,95,71.64556962,"2,547",102,2,4,4,16,前台接见 办公家具 复印打印 办公宽带 WIFI 会议室 洽谈室 中央空调 空气净化器 自动售卖机 微波炉 冰箱 办公清洁 茶点 免费咖啡 饮用水,13,公司年检 法律咨询 财税代理 人事代理 人力招聘 投融资服务 运营服务 营销推荐 商务聚会 宣传设计 政策申请 创业辅导 政策顾问,120000,8
雷格斯（中宇大厦）,3,朝阳,三里屯,中宇大厦位于朝阳区工人体育场北路甲6,39.93125486,116.4519358,45,41.4893617,4500,"79,826.88",741,0.007817338,3,9.414364371,390.06,33.33333333,53,28.57142857,18,72,58.8466948,"2,092",109,1,4,6,25,前台接见 办公家具 复印打印 传真 办公宽带 WIFI 会议室 洽谈室 视频远程会议 多功能厅 咖啡厅 茶水间 书吧 休闲区 健身设施 中央空调 空气净化器 自动售卖机 微波炉 冰箱 卫生间配套 办公清,13,公司年检 法律咨询 财税代理 人事代理 人力招聘 投融资服务 运营服务 营销推荐 商务聚会 宣传设计 政策申请 创业辅导 政策顾问,53000,6
雷格斯（DRC外交办公大楼）,3,朝阳,三元桥,北京朝阳东方东路19号,39.93135186,116.4519668,65,62.76595745,6500,"79,474.74",744,0.007715671,3,9.27372392,384.3,32.70440252,52,28.57142857,18,72,58.8466948,"2,092",106,1,4,3,19,前台接见 办公家具 复印打印 传真 办公宽带 WIFI 会议室 洽谈室 多功能厅 茶水间 休闲区 中央空调 空气净化器 自动售卖机 微波炉 冰箱 卫生间配套 办公清洁 饮用水,5,运营服务 营销推荐 商务聚会 宣传设计 政策申请,107866,2
氪空间（骏豪·中央公园广场）,3,朝阳,甜水园,朝阳公园南门棕榈泉西侧,39.93173647,116.4710871,40,36.17021277,4000,"73,963.69",346,0.018600358,3,3.069184847,130.19,49.68553459,79,14.28571429,9,19,13.27707454,472,58,1,0,7,22,前台接见 办公家具 复印打印 传真 办公宽带 WIFI 会议室 洽谈室 多功能厅 咖啡厅 休闲区 健身设施 中央空调 空气净化器 自动售卖机 微波炉 冰箱 卫生间配套 办公清洁 茶点 免费咖啡 饮用水,13,公司年检 法律咨询 财税代理 人事代理 人力招聘 投融资服务 运营服务 营销推荐 商务聚会 宣传设计 政策申请 创业辅导 政策顾问,220000,8
汇阳国际商务中心（三里屯SOHO）,3,朝阳,三里屯,工体北路8号,39.93180715,116.4414781,16,10.63829787,1600,"92,251.60",519,0.014258031,3,26.44040483,1087.37,30.81761006,49,11.11111111,7,70,43.65682138,"1,552",138,1,1,5,24,前台接见 复印打印 传真 办公宽带 WIFI 会议室 洽谈室 视频远程会议 多功能厅 咖啡厅 茶水间 书吧 休闲区 健身设施 中央空调 空气净化器 自动售卖机 微波炉 冰箱 卫生间配套 办公清洁 茶点 免,13,公司年检 法律咨询 财税代理 人事代理 人力招聘 投融资服务 运营服务 营销推荐 商务聚会 宣传设计 政策申请 创业辅导 政策顾问,120000,8
众舍空间（京朝大厦）,3,朝阳,团结湖,农展馆南路5号,39.93288347,116.4637201,10,4.255319149,1000,"74,567.13",476,0.011485676,3,19.60566957,807.45,30.18867925,48,12.6984127,8,13,16.96202532,603,170,1,0,4,25,前台接见 办公家具 复印打印 传真 办公宽带 WIFI 会议室 洽谈室 视频远程会议 多功能厅 咖啡厅 茶水间 书吧 休闲区 健身设施 中央空调 空气净化器 自动售卖机 微波炉 冰箱 卫生间配套 办公清,13,公司年检 法律咨询 财税代理 人事代理 人力招聘 投融资服务 运营服务 营销推荐 商务聚会 宣传设计 政策申请 创业辅导 政策顾问,3200,2
IBC商务中心（京朝大厦）,3,朝阳,团结湖,农展馆南路5号,39.93297647,116.4637331,12,6.382978723,1200,"74,567.13",468,0.011449027,3,19.65181722,809.34,30.18867925,48,12.6984127,8,13,16.96202532,603,168,1,0,6,25,前台接见 办公家具 复印打印 传真 办公宽带 WIFI 会议室 洽谈室 视频远程会议 多功能厅 咖啡厅 茶水间 书吧 休闲区 健身设施 中央空调 空气净化器 自动售卖机 微波炉 冰箱 卫生间配套 办公清,0, ,3200,2
金宝和空间,1,东城,朝阳门,南小街18号,39.9343853,116.4200312,11,5.319148936,1100,"103,967.88",225,0.012297055,4,19.82249026,816.33,24.52830189,39,14.28571429,9,49,20.53445851,730,190,1,10,2,25,前台接见 办公家具 复印打印 传真 办公宽带 WIFI 会议室 洽谈室 视频远程会议 多功能厅 咖啡厅 茶水间 书吧 休闲区 健身设施 中央空调 空气净化器 自动售卖机 微波炉 冰箱 卫生间配套 办公清,0, , ,0
公众空间（北京电影学院文创园）,3,朝阳,十里堡,平房桥东京城梨园北侧,39.93451765,116.5402375,9,3.191489362,900,"52,011.50",2,0.031295898,1,72.75115674,2984.05,0,0,0,0,1,0.05625879,2,7,0,0,7,18,前台接见 办公家具 复印打印 传真 办公宽带 WIFI 会议室 洽谈室 咖啡厅 茶水间 书吧 休闲区 健身设施 中央空调 自动售卖机 卫生间配套 办公清洁 饮用水,4,法律咨询 投融资服务 创业辅导 政策顾问,30000,1
达美中心咖啡办公（达美中心）,3,朝阳,八里庄,姚家园路甲118号,39.93592338,116.5102599,80,78.72340426,8000,"67,414.66",201,0.017840499,1,34.01862998,1397.74,32.0754717,51,6.349206349,4,20,9.338959212,332,24,0,0,2,25,前台接见 办公家具 复印打印 传真 办公宽带 WIFI 会议室 洽谈室 视频远程会议 多功能厅 咖啡厅 茶水间 书吧 休闲区 健身设施 中央空调 空气净化器 自动售卖机 微波炉 冰箱 卫生间配套 办公清,0, ,346544,60
银杏空间（东环广场）,1,东城,东直门,东城区东中街32号东环广场,39.93681353,116.4296837,20,14.89361702,2000,"100,139.05",442,0.00451608,4,8.30657665,344.69,28.30188679,45,46.03174603,29,95,55.21800281,"1,963",163,0,2,3,19,前台接见 办公家具 复印打印 传真 办公宽带 WIFI 会议室 洽谈室 视频远程会议 多功能厅 咖啡厅 茶水间 书吧 休闲区 自动售卖机 微波炉 冰箱 卫生间配套 办公清洁,12,公司年检 法律咨询 财税代理 人事代理 人力招聘 运营服务 营销推荐 商务聚会 宣传设计 政策申请 创业辅导 政策顾问,187000,6
科技寺（科林大厦）,1,东城,北新桥,东四北大街107号,39.93719488,116.4094219,23,18.08510638,2300,"109,525.29",215,0.021179741,4,6.061945282,252.76,18.86792453,30,7.936507937,5,60,28.72011252,"1,021",58,2,0,1,25,前台接见 办公家具 复印打印 传真 办公宽带 WIFI 会议室 洽谈室 视频远程会议 多功能厅 咖啡厅 茶水间 书吧 休闲区 健身设施 中央空调 空气净化器 自动售卖机 微波炉 冰箱 卫生间配套 办公清,13,公司年检 法律咨询 财税代理 人事代理 人力招聘 投融资服务 运营服务 营销推荐 商务聚会 宣传设计 政策申请 创业辅导 政策顾问,30000,0
星创空间（北京文化金融大厦）,1,东城,东四十条,魏家胡同8号院,39.93731,116.423404,14,8.510638298,1400,"106,291.70",641,0.017986016,0,12.34290877,510,56.60377358,90,9.523809524,6,25,11.89873418,423,155,10,9,3,25,前台接见 办公家具 复印打印 传真 办公宽带 WIFI 会议室 洽谈室 视频远程会议 多功能厅 咖啡厅 茶水间 书吧 休闲区 健身设施 中央空调 空气净化器 自动售卖机 微波炉 冰箱 卫生间配套 办公清,0, ,13800,2
优客工场（人美社区）,1,东城,北新桥,板桥南巷7号,39.93736488,116.4116269,18,12.76595745,1800,"107,998.15",226,0.018985395,4,5.427354079,226.77,21.3836478,34,7.936507937,5,71,29.62025316,"1,053",61,3,0,2,22,前台接见 办公家具 复印打印 传真 办公宽带 WIFI 会议室 洽谈室 视频远程会议 多功能厅 咖啡厅 茶水间 书吧 休闲区 中央空调 空气净化器 自动售卖机 微波炉 冰箱 卫生间配套 办公清洁 饮用水,13,公司年检 法律咨询 财税代理 人事代理 人力招聘 投融资服务 运营服务 营销推荐 商务聚会 宣传设计 政策申请 创业辅导 政策顾问, ,0
无界空间（东直门店）,1,东城,东直门,外大街46号,39.93752815,116.4325741,15,9.574468085,1500,"99,374.80",387,0.004456815,4,10.15101757,420.23,49.05660377,78,36.50793651,23,74,45.71026723,"1,625",243,2,2,9,21,前台接见 办公家具 复印打印 传真 办公宽带 WIFI 会议室 洽谈室 视频远程会议 多功能厅 咖啡厅 茶水间 书吧 休闲区 中央空调 空气净化器 微波炉 冰箱 卫生间配套 办公清洁 饮用水,0, ,34232,4
优客工场（方圆大厦）,4,海淀,白石桥,南大街乙56号,39.93781544,116.3235506,18,12.76595745,1800,"99,815.73",233,0.03891572,5,14.78922245,610.19,47.16981132,75,23.80952381,15,38,12.40506329,441,56,7,0,10,25,前台接见 办公家具 复印打印 传真 办公宽带 WIFI 会议室 洽谈室 视频远程会议 多功能厅 咖啡厅 茶水间 书吧 休闲区 健身设施 中央空调 空气净化器 自动售卖机 微波炉 冰箱 卫生间配套 办公清,13,公司年检 法律咨询 财税代理 人事代理 人力招聘 投融资服务 运营服务 营销推荐 商务聚会 宣传设计 政策申请 创业辅导 政策顾问,27000,5
优客工场（外企大厦社区）,3,朝阳,大望路,西大望路15号,39.899794,116.483326,10,4.255319149,1000,"99,815.73",233,0.03891572,5,14.78922245,610.19,47.16981132,75,23.80952381,15,38,12.40506329,441,56,7,0,5,16,前台接见 办公家具 复印打印 办公宽带 WIFI 会议室 洽谈室 茶水间 休闲区 健身设施 中央空调 微波炉 冰箱 卫生间配套 办公清洁 饮用水,0, ,87254,4
U-WORK（天恒大厦）,1,东城,东直门,东城区东直门外大街46号,39.93900117,116.4306153,20,14.89361702,2000,"97,397.39",380,0.002336042,4,4.191378447,176.15,57.86163522,92,42.85714286,27,98,49.64838256,"1,765",187,0,2,5,18,前台接见 办公家具 复印打印 传真 办公宽带 WIFI 会议室 洽谈室 咖啡厅 茶水间 书吧 休闲区 中央空调 微波炉 冰箱 卫生间配套 办公清洁 饮用水,0, ,42925,11
世纪启创（盛福大厦）,3,朝阳,燕莎,亮马桥麦子店街37号,39.94570016,116.4586955,22,17.0212766,2200,"80,390.79",623,0.008388945,3,9.182161126,380.55,74.8427673,119,25.3968254,16,185,27.42616034,975,76,2,0,12,22,前台接见 办公家具 复印打印 传真 办公宽带 WIFI 会议室 洽谈室 视频远程会议 多功能厅 咖啡厅 茶水间 书吧 休闲区 中央空调 空气净化器 冰箱 卫生间配套 办公清洁 茶点 免费咖啡 饮用水,0, ,53000,8
和空间（嘉诚印象）,1,东城,雍和宫,藏经馆17号,39.94625994,116.4125906,16,10.63829787,1600,"104,521.46",177,0.018294589,4,5.696182442,237.78,28.93081761,46,12.6984127,8,26,18.45288326,656,67,2,0,1,16,前台接见 办公家具 复印打印 传真 办公宽带 WIFI 会议室 洽谈室 咖啡厅 茶水间 书吧 休闲区 健身设施 中央空调 卫生间配套 办公清洁,0, ,7000,0
我宅 宅GD,1,东城,雍和宫,国学胡同16号,39.94636725,116.4081513,20,14.89361702,2000,"104,886.12",190,0.022623488,4,7.295723407,303.29,23.27044025,37,1.587301587,1,30,19.94374121,709,90,2,0,2,25,前台接见 办公家具 复印打印 传真 办公宽带 WIFI 会议室 洽谈室 视频远程会议 多功能厅 咖啡厅 茶水间 书吧 休闲区 健身设施 中央空调 空气净化器 自动售卖机 微波炉 冰箱 卫生间配套 办公清,0, , ,0
10SPACE（东外56号）,1,东城,东直门,东直门外斜街56号,39.94648979,116.4387378,18,12.76595745,1800,"95,533.23",96,0.009991394,4,27.38069368,1125.88,49.68553459,79,11.11111111,7,26,16.06188467,571,72,2,6,12,23,前台接见 办公家具 复印打印 传真 办公宽带 WIFI 会议室 洽谈室 视频远程会议 多功能厅 咖啡厅 茶水间 书吧 休闲区 健身设施 中央空调 空气净化器 自动售卖机 微波炉 冰箱 卫生间配套 办公清,0, , ,0
部落方舟（燕莎大本营）,3,朝阳,燕莎,麦子店街39号,39.94664416,116.4604865,21,15.95744681,2100,"79,637.58",730,0.010230773,3,12.03110693,497.23,40.25157233,64,30.15873016,19,190,28.66385373,"1,019",92,2,0,6,25,前台接见 办公家具 复印打印 传真 办公宽带 WIFI 会议室 洽谈室 视频远程会议 多功能厅 咖啡厅 茶水间 书吧 休闲区 健身设施 中央空调 空气净化器 自动售卖机 微波炉 冰箱 卫生间配套 办公清,0, , ,0
雍和大厦【金?hhwork】,1,东城,雍和宫,东城区安定门东大街28号1号楼5层A单元605,39.94788588,116.4149128,16,10.63829787,1600,"103,983.62",127,0.016645489,4,9.686611078,401.21,28.93081761,46,15.87301587,10,19,14.1209564,502,98,1,1,4,15,前台接见 办公家具 复印打印 传真 办公宽带 WIFI 会议室 洽谈室 休闲区 中央空调 微波炉 冰箱 卫生间配套 办公清洁 饮用水,0, ,110063,6
星创空间（益园文化创意产业基地）,4,海淀,四季青,杏石口路,39.94792171,116.236524,7,1.063829787,700,"97,404.67",79,0.104517371,0,74.79239663,3067.65,8.176100629,13,0,0,27,3.656821378,130,5,1,0,1,22,前台接见 办公家具 复印打印 传真 办公宽带 WIFI 会议室 洽谈室 视频远程会议 多功能厅 咖啡厅 茶水间 书吧 休闲区 健身设施 中央空调 空气净化器 自动售卖机 微波炉 冰箱 卫生间配套 办公清,0, ,110000,30
雷格斯（北京燕莎中心）,3,朝阳,燕莎,亮马河路50号,39.94846235,116.4587807,50,46.80851064,5000,"79,711.85",653,0.010808179,3,7.407063764,307.85,47.79874214,76,34.92063492,22,185,30.5766526,"1,087",40,2,0,2,20,前台接见 办公家具 复印打印 传真 办公宽带 WIFI 会议室 洽谈室 多功能厅 茶水间 休闲区 中央空调 空气净化器 自动售卖机 微波炉 冰箱 卫生间配套 办公清洁 茶点 饮用水,13,公司年检 法律咨询 财税代理 人事代理 人力招聘 投融资服务 运营服务 营销推荐 商务聚会 宣传设计 政策申请 创业辅导 政策顾问,165000,8
艾克商务中心（平安国际中心）,3,朝阳,三元桥,朝阳区新源里南路1-3号,39.94865735,116.4537287,45,41.4893617,4500,"79,471.69",308,0.009834673,3,4.966854269,207.91,55.97484277,89,31.74603175,20,192,33.13642757,"1,178",44,0,0,3,10,前台接见 办公家具 复印打印 传真 办公宽带 WIFI 会议室 洽谈室 视频远程会议 多功能厅,0, ,91772.38,15
元亨创融空间（元亨创融空间）,4,海淀,世纪城,海淀区板井路59号,39.94872508,116.2800841,8,2.127659574,800,"96,744.61",170,0.067095753,0,19.15005311,788.79,17.61006289,28,7.936507937,5,9,5.682137834,202,37,4,0,2,19,前台接见 办公家具 复印打印 传真 办公宽带 WIFI 会议室 洽谈室 茶水间 书吧 休闲区 中央空调 空气净化器 自动售卖机 微波炉 冰箱 卫生间配套 办公清洁 饮用水,0, , ,0
创园国际孵化平台,1,东城,雍和宫,后永康胡同17号,39.951019,116.429871,15,9.574468085,1500,"63,660.36",22,0.079506808,6,17.19769018,708.83,11.94968553,19,0,0,1,1.772151899,63,1,0,0,3,22,前台接见 办公家具 复印打印 传真 办公宽带 WIFI 会议室 洽谈室 视频远程会议 多功能厅 咖啡厅 茶水间 书吧 休闲区 中央空调 微波炉 冰箱 卫生间配套 办公清洁 茶点 免费咖啡 饮用水,0, ,7000,1
创富港（富海大厦）,4,海淀,皂君庙,大柳树路17号,39.95256828,116.3290445,12,6.382978723,1200,"93,051.97",287,0.035122181,5,30.6166449,1258.41,20.75471698,33,7.936507937,5,18,15.47116737,550,110,5,19,1,25,前台接见 办公家具 复印打印 传真 办公宽带 WIFI 会议室 洽谈室 视频远程会议 多功能厅 咖啡厅 茶水间 书吧 休闲区 健身设施 中央空调 空气净化器 自动售卖机 微波炉 冰箱 卫生间配套 办公清,13,公司年检 法律咨询 财税代理 人事代理 人力招聘 投融资服务 运营服务 营销推荐 商务聚会 宣传设计 政策申请 创业辅导 政策顾问,159000,6
X+空间（京信大厦）,3,朝阳,三元桥,东三环北路甲2号,39.95274235,116.4544967,18,12.76595745,1800,"78,515.72",515,0.013931567,3,11.66339075,482.17,33.96226415,54,31.74603175,20,29,29.50773558,"1,049",56,0,0,5,22,前台接见 办公家具 复印打印 传真 办公宽带 WIFI 会议室 洽谈室 视频远程会议 多功能厅 咖啡厅 茶水间 书吧 休闲区 健身设施 中央空调 空气净化器 自动售卖机 微波炉 冰箱 卫生间配套 办公清,0, ,30000,7
优客工场（四季青）,4,海淀,四季青,四季青路7号,39.95296741,116.265868,16,10.63829787,1600,"96,227.70",126,0.076202956,0,50.56756724,2075.51,27.67295597,44,11.11111111,7,15,5.76652602,205,35,4,0,2,25,前台接见 办公家具 复印打印 传真 办公宽带 WIFI 会议室 洽谈室 视频远程会议 多功能厅 咖啡厅 茶水间 书吧 休闲区 健身设施 中央空调 空气净化器 自动售卖机 微波炉 冰箱 卫生间配套 办公清,13,公司年检 法律咨询 财税代理 人事代理 人力招聘 投融资服务 运营服务 营销推荐 商务聚会 宣传设计 政策申请 创业辅导 政策顾问,60000,2
优客工场（阿里云）,4,海淀,四季青,四季青路7号楼1号院,39.95296741,116.265868,16,10.63829787,1600,"96,227.70",126,0.076202956,0,50.56756724,2075.51,27.67295597,44,11.11111111,7,15,5.76652602,205,35,4,0,2,25,前台接见 办公家具 复印打印 传真 办公宽带 WIFI 会议室 洽谈室 视频远程会议 多功能厅 咖啡厅 茶水间 书吧 休闲区 健身设施 中央空调 空气净化器 自动售卖机 微波炉 冰箱 卫生间配套 办公清,0, , ,0
优客工场（郭公庄中街20号院）,5,丰台,其他,郭公庄中街20号院,39.819105,116.307931,8,2.127659574,800,"96,227.70",126,0.076202956,0,50.56756724,2075.51,27.67295597,44,11.11111111,7,15,5.76652602,205,35,4,0,11,25,前台接见 办公家具 复印打印 传真 办公宽带 WIFI 会议室 洽谈室 视频远程会议 多功能厅 咖啡厅 茶水间 书吧 休闲区 健身设施 中央空调 空气净化器 自动售卖机 微波炉 冰箱 卫生间配套 办公清,0, , ,0
外研创客空间（北京外国语大学）,4,海淀,苏州桥,西三环北路2号,39.95339785,116.302313,18,12.76595745,1800,"98,803.31",529,0.04836095,0,17.22943194,710.13,28.30188679,45,3.174603175,2,38,16.90576653,601,98,5,52,3,25,前台接见 办公家具 复印打印 传真 办公宽带 WIFI 会议室 洽谈室 视频远程会议 多功能厅 咖啡厅 茶水间 书吧 休闲区 健身设施 中央空调 空气净化器 自动售卖机 微波炉 冰箱 卫生间配套 办公清,0, , ,0
卓越菁英中心,3,朝阳,三元桥,亮马桥路27号,39.953458,116.4715311,18,12.76595745,1800,"80,584.77",270,0.022920785,3,20.54376091,845.87,13.83647799,22,4.761904762,3,17,6.441631505,229,12,1,0,5,20,前台接见 办公家具 复印打印 传真 办公宽带 WIFI 会议室 洽谈室 视频远程会议 多功能厅 茶水间 休闲区 健身设施 中央空调 自动售卖机 微波炉 冰箱 卫生间配套 办公清洁 饮用水,10,公司年检 法律咨询 财税代理 运营服务 营销推荐 商务聚会 宣传设计 政策申请 创业辅导 政策顾问,6200,1
WeWork（国航世纪大厦）,3,朝阳,三元桥,霄云路36号,39.95372635,116.4559137,22,17.0212766,2200,"77,734.85",634,0.015039129,3,13.6846089,564.95,30.81761006,49,34.92063492,22,29,28.97327707,"1,030",67,0,0,6,18,前台接见 办公家具 复印打印 传真 办公宽带 WIFI 会议室 洽谈室 茶水间 休闲区 中央空调 空气净化器 自动售卖机 微波炉 冰箱 卫生间配套 办公清洁 饮用水,0, ,138199.43,22
徳事商务中心（现代汽车大厦）,3,朝阳,三元桥,霄云路38号,39.95476635,116.4565697,38,34.04255319,3800,"78,930.31",1049,0.016165993,3,16.34578994,673.94,39.62264151,63,34.92063492,22,37,34.14908579,"1,214",64,0,0,4,25,前台接见 办公家具 复印打印 传真 办公宽带 WIFI 会议室 洽谈室 视频远程会议 多功能厅 咖啡厅 茶水间 书吧 休闲区 健身设施 中央空调 空气净化器 自动售卖机 微波炉 冰箱 卫生间配套 办公清,13,公司年检 法律咨询 财税代理 人事代理 人力招聘 投融资服务 运营服务 营销推荐 商务聚会 宣传设计 政策申请 创业辅导 政策顾问,69398,5
赛格置业商务中心（国航大厦）,3,朝阳,三元桥,霄云路36号,39.95522435,116.4571427,39,35.10638298,3900,"78,930.31",1021,0.016719795,3,17.67430504,728.35,32.70440252,52,30.15873016,19,34,33.24894515,"1,182",59,0,0,6,24,前台接见 办公家具 复印打印 传真 办公宽带 WIFI 会议室 洽谈室 视频远程会议 多功能厅 咖啡厅 茶水间 书吧 休闲区 中央空调 空气净化器 自动售卖机 微波炉 冰箱 卫生间配套 办公清洁 茶点 免,13,公司年检 法律咨询 财税代理 人事代理 人力招聘 投融资服务 运营服务 营销推荐 商务聚会 宣传设计 政策申请 创业辅导 政策顾问,89000,6
世鳌商务中心（南银大厦）,3,朝阳,三元桥,东三环北路甲2号,39.95593342,116.4510114,21,15.95744681,2100,"77,552.41",583,0.017349887,3,9.881212536,409.18,59.74842767,95,20.63492063,13,28,26.72292546,950,52,2,0,2,24,前台接见 办公家具 复印打印 传真 办公宽带 WIFI 会议室 洽谈室 视频远程会议 多功能厅 咖啡厅 茶水间 书吧 健身设施 中央空调 空气净化器 自动售卖机 微波炉 冰箱 卫生间配套 办公清洁 茶点,0, ,66000,12
WE+酷窝 北京三元桥空间,3,朝阳,三元桥,霞光里66号院,39.95650935,116.4544197,13,7.446808511,1300,"79,366.82",793,0.017693281,3,12.26160101,506.67,55.97484277,89,28.57142857,18,29,27.96061885,994,55,2,0,7,25,前台接见 办公家具 复印打印 传真 办公宽带 WIFI 会议室 洽谈室 视频远程会议 多功能厅 咖啡厅 茶水间 书吧 休闲区 健身设施 中央空调 空气净化器 自动售卖机 微波炉 冰箱 卫生间配套 办公清,13,公司年检 法律咨询 财税代理 人事代理 人力招聘 投融资服务 运营服务 营销推荐 商务聚会 宣传设计 政策申请 创业辅导 政策顾问,240000,2
IBC商务中心（国际港）,3,朝阳,三元桥,东三环北路戊2,39.95724942,116.4520824,9,3.191489362,900,"79,072.51",607,0.018513874,3,7.414632955,308.16,63.52201258,101,15.87301587,10,42,26.24472574,933,33,2,0,6,25,前台接见 办公家具 复印打印 传真 办公宽带 WIFI 会议室 洽谈室 视频远程会议 多功能厅 咖啡厅 茶水间 书吧 休闲区 健身设施 中央空调 空气净化器 自动售卖机 微波炉 冰箱 卫生间配套 办公清,0, , ,2
合生财富商务中心（合生财富广场）,2,西城,德胜门,西城区德盛门外大街合生财富广场,39.95741916,116.3722655,43,39.36170213,4300,"122,420.88",113,0.018945693,5,27.74206151,1140.68,10.6918239,17,23.80952381,15,34,14.23347398,506,149,1,0,5,19,前台接见 办公家具 复印打印 传真 办公宽带 WIFI 会议室 洽谈室 茶水间 书吧 休闲区 中央空调 空气净化器 自动售卖机 微波炉 冰箱 卫生间配套 办公清洁 饮用水,0, ,60773,8
能+空间（金泰大厦）,3,朝阳,柳芳,朝阳区西坝河南路1号,39.95877056,116.4274206,21,15.95744681,2100,"91,962.66",506,0.017690267,4,4.986143497,208.7,12.57861635,20,14.28571429,9,34,17.6652602,628,110,3,0,6,22,前台接见 办公家具 复印打印 传真 办公宽带 WIFI 会议室 洽谈室 视频远程会议 多功能厅 咖啡厅 茶水间 书吧 休闲区 健身设施 中央空调 空气净化器 自动售卖机 微波炉 冰箱 卫生间配套 办公清,0, ,45000,4
你的空间（霄云中心）,3,朝阳,三元桥,霞光里15号,39.9588565,116.458237,15,9.574468085,1500,"78,400.39",869,0.020498719,3,18.03713787,743.21,22.64150943,36,14.28571429,9,29,23.65682138,841,43,1,0,5,17,前台接见 办公家具 复印打印 传真 办公宽带 WIFI 会议室 洽谈室 视频远程会议 多功能厅 茶水间 休闲区 中央空调 微波炉 冰箱 卫生间配套 办公清洁,0, ,59598,6
氪空间（东方科技园）,3,朝阳,酒仙桥,东北四环外700米路南,39.95941155,116.4898886,16,10.63829787,1600,"65,888.57",310,0.025949168,1,23.69059101,974.75,49.05660377,78,7.936507937,5,100,15.302391,544,100,0,1,17,22,前台接见 办公家具 复印打印 传真 办公宽带 WIFI 会议室 洽谈室 多功能厅 咖啡厅 茶水间 书吧 休闲区 健身设施 中央空调 空气净化器 微波炉 冰箱 卫生间配套 办公清洁 茶点 饮用水,0, ,40000,5
IBC商务中心（瑞普电子大厦）,3,朝阳,三元桥,霞光里5号,39.9594755,116.454832,11,5.319148936,1100,"80,486.68",591,0.020672973,3,9.586990758,397.13,40.25157233,64,11.11111111,7,42,20.39381153,725,29,3,0,4,25,前台接见 办公家具 复印打印 传真 办公宽带 WIFI 会议室 洽谈室 视频远程会议 多功能厅 咖啡厅 茶水间 书吧 休闲区 健身设施 中央空调 空气净化器 自动售卖机 微波炉 冰箱 卫生间配套 办公清,0, , ,2
部落方舟（承冀诚大厦）,3,朝阳,三元桥,霄云南街路8号,39.9599055,116.455363,15,9.574468085,1500,"80,339.12",643,0.021132898,3,10.75142533,444.82,38.99371069,62,9.523809524,6,40,19.35302391,688,28,3,0,3,25,前台接见 办公家具 复印打印 传真 办公宽带 WIFI 会议室 洽谈室 视频远程会议 多功能厅 咖啡厅 茶水间 书吧 休闲区 健身设施 中央空调 空气净化器 自动售卖机 微波炉 冰箱 卫生间配套 办公清,0, ,8000,1
无界空间（三元桥店）,3,朝阳,三元桥,三元西桥东,39.96070059,116.4425376,17,11.70212766,1700,"77,455.22",720,0.022991287,4,19.94652733,821.41,34.59119497,55,22.22222222,14,29,27.53867792,979,77,2,1,3,25,前台接见 办公家具 复印打印 传真 办公宽带 WIFI 会议室 洽谈室 视频远程会议 多功能厅 咖啡厅 茶水间 书吧 休闲区 健身设施 中央空调 空气净化器 自动售卖机 微波炉 冰箱 卫生间配套 办公清,13,公司年检 法律咨询 财税代理 人事代理 人力招聘 投融资服务 运营服务 营销推荐 商务聚会 宣传设计 政策申请 创业辅导 政策顾问, ,2
UPLAN联合办公（香河园小区西坝河中里）,3,朝阳,西坝河,中里35号,39.96098517,116.432364,10,4.255319149,1000,"84,102.12",497,0.019803758,4,17.27167291,711.86,18.23899371,29,14.28571429,9,49,21.65963432,770,93,3,2,2,19,前台接见 办公家具 复印打印 传真 办公宽带 WIFI 会议室 洽谈室 视频远程会议 多功能厅 咖啡厅 茶水间 休闲区 中央空调 空气净化器 微波炉 卫生间配套 办公清洁 饮用水,3,财税代理 商务聚会 宣传设计, ,0
创富港（霄云里8号）,3,朝阳,三元桥,霄云里8号,39.9614015,116.458514,12,6.382978723,1200,"80,367.08",475,0.018744578,8,18.66513655,768.93,25.1572327,40,4.761904762,3,14,10.21097046,363,25,2,0,8,19,前台接见 办公家具 复印打印 传真 办公宽带 WIFI 会议室 洽谈室 视频远程会议 多功能厅 休闲区 中央空调 空气净化器 自动售卖机 微波炉 冰箱 卫生间配套 办公清洁 饮用水,1,公司年检,36000,0
虫洞创业之家（新华科技大厦）,3,朝阳,酒仙桥,驼房营南路8号,39.96200169,116.4968733,13,7.446808511,1300,"60,002.03",320,0.020245724,1,37.37251407,1535.1,8.805031447,14,3.174603175,2,36,7.960618847,283,66,1,2,6,18,前台接见 办公家具 复印打印 传真 办公宽带 WIFI 会议室 洽谈室 视频远程会议 多功能厅 茶水间 休闲区 中央空调 微波炉 冰箱 卫生间配套 办公清洁 饮用水,0, ,75000,8
创E+社区（国电社区）,3,朝阳,酒仙桥,酒仙桥路6号,39.96332769,116.4933333,18,12.76595745,1800,"66,035.33",394,0.02401109,1,28.37225769,1166.49,19.49685535,31,6.349206349,4,102,12.74261603,453,64,1,0,10,16,前台接见 办公家具 复印打印 办公宽带 WIFI 会议室 洽谈室 书吧 休闲区 中央空调 空气净化器 微波炉 冰箱 卫生间配套 办公清洁 饮用水,13,公司年检 法律咨询 财税代理 人事代理 人力招聘 投融资服务 运营服务 营销推荐 商务聚会 宣传设计 政策申请 创业辅导 政策顾问,142000,12
91众创空间（91金融大厦）,2,西城,马甸,北京市西城区黄寺大街甲23-11号,39.9646519,116.3783194,20,14.89361702,2000,"122,477.11",343,0.028312755,5,25.19368583,1036.31,57.2327044,91,41.26984127,26,43,21.26582278,756,79,2,0,2,16,办公家具 复印打印 传真 办公宽带 WIFI 会议室 洽谈室 多功能厅 茶水间 健身设施 中央空调 自动售卖机 微波炉 冰箱 卫生间配套 办公清洁,13,公司年检 法律咨询 财税代理 人事代理 人力招聘 投融资服务 运营服务 营销推荐 商务聚会 宣传设计 政策申请 创业辅导 政策顾问, ,0
马甸北三环内星群加速器（北广大厦）,2,西城,马甸,黄寺大街23号,39.9654089,116.3794244,13,7.446808511,1300,"122,521.14",333,0.029565888,5,22.14940606,911.63,66.03773585,105,33.33333333,21,37,19.32489451,687,61,2,0,5,18,前台接见 办公家具 复印打印 传真 办公宽带 WIFI 会议室 洽谈室 咖啡厅 休闲区 健身设施 中央空调 空气净化器 自动售卖机 微波炉 卫生间配套 办公清洁 饮用水,13,公司年检 法律咨询 财税代理 人事代理 人力招聘 投融资服务 运营服务 营销推荐 商务聚会 宣传设计 政策申请 创业辅导 政策顾问,71321.75,10
雷格斯（环球贸易中心）,3,朝阳,安贞,北三环东路36号,39.96707062,116.4040338,40,36.17021277,4000,"87,194.70",684,0.036725943,4,18.68491411,769.74,57.86163522,92,22.22222222,14,40,23.76933896,845,88,0,3,8,25,前台接见 办公家具 复印打印 传真 办公宽带 WIFI 会议室 洽谈室 视频远程会议 多功能厅 咖啡厅 茶水间 书吧 休闲区 健身设施 中央空调 空气净化器 自动售卖机 微波炉 冰箱 卫生间配套 办公清,13,公司年检 法律咨询 财税代理 人事代理 人力招聘 投融资服务 运营服务 营销推荐 商务聚会 宣传设计 政策申请 创业辅导 政策顾问,500000,8
中远通达商务中心（青云当代大厦）,4,海淀,人民大学,海淀区北三环西路43号,39.96740544,116.3231105,13,7.446808511,1300,"96,760.34",815,0.026061131,0,18.53987865,763.8,17.61006289,28,12.6984127,8,92,52.54571027,"1,868",132,0,5,2,25,前台接见 办公家具 复印打印 传真 办公宽带 WIFI 会议室 洽谈室 视频远程会议 多功能厅 咖啡厅 茶水间 书吧 休闲区 健身设施 中央空调 空气净化器 自动售卖机 微波炉 冰箱 卫生间配套 办公清,13,公司年检 法律咨询 财税代理 人事代理 人力招聘 投融资服务 运营服务 营销推荐 商务聚会 宣传设计 政策申请 创业辅导 政策顾问,46000,6
创富港（创而新大厦）,4,海淀,万柳,万泉庄路15号,39.9676053,116.2937793,11,5.319148936,1100,"102,118.33",481,0.044774732,0,19.11245132,787.25,27.67295597,44,33.33333333,21,20,17.94655415,638,162,4,1,3,20,前台接见 办公家具 复印打印 传真 办公宽带 WIFI 会议室 洽谈室 视频远程会议 多功能厅 茶水间 休闲区 中央空调 空气净化器 自动售卖机 微波炉 冰箱 卫生间配套 办公清洁 饮用水,1,公司年检, ,0
索易 商捷（颐堤港）,3,朝阳,酒仙桥,酒仙桥路18号,39.96764708,116.4846589,45,41.4893617,4500,"71,743.99",417,0.019435913,8,6.139834699,255.95,35.8490566,57,11.11111111,7,113,19.35302391,688,48,1,3,4,25,前台接见 办公家具 复印打印 传真 办公宽带 WIFI 会议室 洽谈室 视频远程会议 多功能厅 咖啡厅 茶水间 书吧 休闲区 健身设施 中央空调 空气净化器 自动售卖机 微波炉 冰箱 卫生间配套 办公清,13,公司年检 法律咨询 财税代理 人事代理 人力招聘 投融资服务 运营服务 营销推荐 商务聚会 宣传设计 政策申请 创业辅导 政策顾问,56000,12
你的空间（金澳国际）,4,海淀,马甸,马甸东路19号,39.96944582,116.3721709,15,9.574468085,1500,"117,622.26",520,0.029823221,5,15.94242532,657.42,44.65408805,71,17.46031746,11,26,17.10267229,608,84,1,0,3,16,前台接见 办公家具 复印打印 传真 办公宽带 WIFI 会议室 洽谈室 视频远程会议 多功能厅 茶水间 中央空调 微波炉 冰箱 卫生间配套 办公清洁,0, ,63347.72,8
FUNWORK?北京?新港大厦,3,朝阳,酒仙桥,酒仙桥路16号,39.97021708,116.4846769,13,7.446808511,1300,"72,815.89",534,0.018271404,8,2.045879064,88.28,64.1509434,102,15.87301587,10,116,22.61603376,804,46,0,0,5,22,前台接见 办公家具 复印打印 传真 办公宽带 WIFI 会议室 洽谈室 视频远程会议 咖啡厅 茶水间 休闲区 中央空调 空气净化器 自动售卖机 微波炉 冰箱 卫生间配套 办公清洁 茶点 免费咖啡 饮用水,13,公司年检 法律咨询 财税代理 人事代理 人力招聘 投融资服务 运营服务 营销推荐 商务聚会 宣传设计 政策申请 创业辅导 政策顾问,27621,3
506空间（普天科技创新园）,3,朝阳,酒仙桥,将台路普天实业创新园,39.97105908,116.4887069,18,12.76595745,1800,"72,313.80",419,0.021751159,8,12.09752048,499.95,26.41509434,42,12.6984127,8,107,14.51476793,516,24,0,0,8,22,前台接见 办公家具 复印打印 传真 办公宽带 WIFI 会议室 洽谈室 咖啡厅 茶水间 书吧 休闲区 中央空调 空气净化器 自动售卖机 微波炉 冰箱 卫生间配套 办公清洁 茶点 免费咖啡 饮用水,0, , ,1
云享客（兆维工业园）,3,朝阳,酒仙桥,酒仙桥路14号,39.97189108,116.4875719,14,8.510638298,1400,"73,859.76",493,0.02042369,8,10.10926493,418.52,48.42767296,77,14.28571429,9,112,17.97468354,639,31,0,1,5,25,前台接见 办公家具 复印打印 传真 办公宽带 WIFI 会议室 洽谈室 视频远程会议 多功能厅 咖啡厅 茶水间 书吧 休闲区 健身设施 中央空调 空气净化器 自动售卖机 微波炉 冰箱 卫生间配套 办公清,0, ,315000,4
裸心社（豆瓣）,3,朝阳,酒仙桥,酒仙桥路14号,39.97242208,116.4839909,30,25.53191489,3000,"74,999.45",603,0.016843926,8,5.672742367,236.82,55.34591195,88,15.87301587,10,115,21.7440225,773,46,0,5,4,25,前台接见 办公家具 复印打印 传真 办公宽带 WIFI 会议室 洽谈室 视频远程会议 多功能厅 咖啡厅 茶水间 书吧 休闲区 健身设施 中央空调 空气净化器 自动售卖机 微波炉 冰箱 卫生间配套 办公清,0, ,315000,4
品途创新加速器（兆维工业园）,3,朝阳,酒仙桥,酒仙桥路14号,39.97242208,116.4839909,15,9.574468085,1500,"74,999.45",603,0.016843926,8,5.672742367,236.82,55.34591195,88,15.87301587,10,115,21.7440225,773,46,0,5,6,18,前台接见 办公家具 复印打印 传真 办公宽带 WIFI 会议室 洽谈室 视频远程会议 多功能厅 茶水间 休闲区 中央空调 自动售卖机 微波炉 冰箱 卫生间配套 办公清洁,2,公司年检 运营服务,315000,4
优客工场（兆维工业园）,3,朝阳,酒仙桥,酒仙桥路14号,39.97332608,116.4882959,17,11.70212766,1700,"74,205.83",419,0.02077852,8,13.44166229,555,49.68553459,79,9.523809524,6,24,10.12658228,360,31,0,1,3,25,前台接见 办公家具 复印打印 传真 办公宽带 WIFI 会议室 洽谈室 视频远程会议 多功能厅 咖啡厅 茶水间 书吧 休闲区 健身设施 中央空调 空气净化器 自动售卖机 微波炉 冰箱 卫生间配套 办公清,13,公司年检 法律咨询 财税代理 人事代理 人力招聘 投融资服务 运营服务 营销推荐 商务聚会 宣传设计 政策申请 创业辅导 政策顾问,315000,4
星库空间（莱锦文化创业园）,3,朝阳,八里庄,八里庄东里1号,39.97396895,116.492574,20,14.89361702,2000,"66,799.48",224,0.024879218,8,23.32482817,959.77,18.86792453,30,0,0,18,4.303797468,153,22,4,1,3,25,前台接见 办公家具 复印打印 传真 办公宽带 WIFI 会议室 洽谈室 视频远程会议 多功能厅 咖啡厅 茶水间 书吧 休闲区 健身设施 中央空调 空气净化器 自动售卖机 微波炉 冰箱 卫生间配套 办公清,13,公司年检 法律咨询 财税代理 人事代理 人力招聘 投融资服务 运营服务 营销推荐 商务聚会 宣传设计 政策申请 创业辅导 政策顾问,99000,3
星库空间（电子城研发中心）,3,朝阳,酒仙桥,东路9号院临近兆维大厦、798艺术区,39.97396895,116.492574,18,12.76595745,1800,"66,799.48",224,0.024879218,8,23.32482817,959.77,18.86792453,30,0,0,18,4.303797468,153,22,4,1,12,24,前台接见 办公家具 复印打印 传真 办公宽带 WIFI 会议室 洽谈室 视频远程会议 多功能厅 咖啡厅 茶水间 书吧 休闲区 健身设施 中央空调 空气净化器 自动售卖机 微波炉 冰箱 卫生间配套 办公清,13,公司年检 法律咨询 财税代理 人事代理 人力招聘 投融资服务 运营服务 营销推荐 商务聚会 宣传设计 政策申请 创业辅导 政策顾问,29300,4
星云加速器（酒仙桥·电子城研发中心）,3,朝阳,酒仙桥,东路9号院临近兆维大厦、798艺术区,39.97405695,116.492834,9,3.191489362,900,"66,799.48",213,0.025123942,8,23.99213781,987.1,18.86792453,30,0,0,17,4.022503516,143,20,6,1,1,13,前台接见 复印打印 办公宽带 WIFI 会议室 多功能厅 茶水间 休闲区 微波炉 冰箱 卫生间配套 办公清洁 饮用水,0, ,29300,4
星库空间（电子城创新产业园）,3,朝阳,酒仙桥,酒仙桥东路7号,39.97532295,116.494895,15,9.574468085,1500,"66,192.93",159,0.027030405,8,29.85533079,1227.23,4.402515723,7,0,0,10,2.362869198,84,18,10,1,4,15,前台接见 办公家具 复印打印 传真 办公宽带 WIFI 会议室 洽谈室 多功能厅 茶水间 休闲区 中央空调 卫生间配套 办公清洁 饮用水,0, , ,0
蓟航人工智能创新创业基地（蓟航人工智能创新创业基地）,4,海淀,知春路,知春嘉园3号楼,39.975369,116.3407881,15,9.574468085,1500,"92,636.67",560,0.019344644,0,12.81537278,529.35,11.94968553,19,23.80952381,15,35,23.90998594,850,92,12,50,2,14,前台接见 办公家具 复印打印 传真 办公宽带 WIFI 会议室 茶水间 书吧 休闲区 中央空调 卫生间配套 办公清洁 饮用水,0, , ,0
纳什空间（SPACE·中关村）,4,海淀,苏州街,苏州街20号,39.97548587,116.3006806,16,10.63829787,1600,"96,672.37",1335,0.034793745,0,2.894849288,123.05,36.47798742,58,23.80952381,15,43,35.02109705,"1,245",94,0,10,19,24,前台接见 办公家具 复印打印 传真 办公宽带 WIFI 会议室 洽谈室 视频远程会议 多功能厅 咖啡厅 茶水间 休闲区 健身设施 中央空调 空气净化器 自动售卖机 微波炉 冰箱 卫生间配套 办公清洁 茶,13,公司年检 法律咨询 财税代理 人事代理 人力招聘 投融资服务 运营服务 营销推荐 商务聚会 宣传设计 政策申请 创业辅导 政策顾问,12000,1
微合众创空间（中关村数字电视产业园）,4,海淀,牡丹园,花园路2号,39.9758633,116.3606857,14,8.510638298,1400,"89,150.99",667,0.03368859,0,7.500579898,311.68,38.99371069,62,19.04761905,12,46,30.15471167,"1,072",83,2,0,4,25,前台接见 办公家具 复印打印 传真 办公宽带 WIFI 会议室 洽谈室 视频远程会议 多功能厅 咖啡厅 茶水间 书吧 休闲区 健身设施 中央空调 空气净化器 自动售卖机 微波炉 冰箱 卫生间配套 办公清,0, ,184600,0
易亨·智汇孵化器(环星大厦),4,海淀,牡丹园,花园北路14号,39.97705082,116.3713949,13,7.446808511,1300,"101,988.79",603,0.036887078,5,9.893665076,409.69,42.7672956,68,7.936507937,5,39,22.3347398,794,87,8,0,2,19,前台接见 办公家具 复印打印 传真 办公宽带 WIFI 会议室 洽谈室 视频远程会议 多功能厅 咖啡厅 茶水间 书吧 休闲区 微波炉 冰箱 卫生间配套 办公清洁 饮用水,10,公司年检 法律咨询 财税代理 人事代理 人力招聘 运营服务 商务聚会 政策申请 创业辅导 政策顾问,10000,1
梦想加（瀚海国际大厦）,3,朝阳,酒仙桥,酒仙桥路13号,39.97715108,116.4829389,20,14.89361702,2000,"68,080.67",477,0.014985388,8,5.286957796,221.02,49.68553459,79,12.6984127,8,24,14.59915612,519,52,2,0,17,22,前台接见 办公家具 复印打印 传真 办公宽带 WIFI 会议室 洽谈室 视频远程会议 多功能厅 咖啡厅 茶水间 书吧 休闲区 健身设施 中央空调 空气净化器 自动售卖机 微波炉 冰箱 卫生间配套 办公清,0, , ,6
中关村京港澳青创中心（创富大厦）,4,海淀,中关村,丹棱街18号（中关村海淀镇南街）,39.97734487,116.3019366,16,10.63829787,1600,"98,356.88",1565,0.032816069,0,8.344666772,346.25,22.01257862,35,57.14285714,36,49,42.3628692,"1,506",68,0,3,2,18,前台接见 办公家具 复印打印 传真 办公宽带 WIFI 会议室 洽谈室 咖啡厅 茶水间 休闲区 中央空调 空气净化器 自动售卖机 微波炉 卫生间配套 办公清洁 饮用水,13,公司年检 法律咨询 财税代理 人事代理 人力招聘 投融资服务 运营服务 营销推荐 商务聚会 宣传设计 政策申请 创业辅导 政策顾问,30408,3
科创未来智造中心（神州数码大厦）,4,海淀,中关村,苏州街16号,39.97813913,116.3005318,20,14.89361702,2000,"98,545.63",1519,0.033737007,0,9.14919852,379.2,28.93081761,46,57.14285714,36,46,41.71589311,"1,483",65,0,1,1,25,前台接见 办公家具 复印打印 传真 办公宽带 WIFI 会议室 洽谈室 视频远程会议 多功能厅 咖啡厅 茶水间 书吧 休闲区 健身设施 中央空调 空气净化器 自动售卖机 微波炉 冰箱 卫生间配套 办公清,13,公司年检 法律咨询 财税代理 人事代理 人力招聘 投融资服务 运营服务 营销推荐 商务聚会 宣传设计 政策申请 创业辅导 政策顾问,35516,34
易得商务中心（星城国际大厦）,3,朝阳,酒仙桥,酒仙桥路甲10号,39.97849657,116.4844764,15,9.574468085,1500,"68,753.04",325,0.016541152,8,5.148759019,215.36,37.10691824,59,7.936507937,5,19,10.88607595,387,66,2,0,5,25,前台接见 办公家具 复印打印 传真 办公宽带 WIFI 会议室 洽谈室 视频远程会议 多功能厅 咖啡厅 茶水间 书吧 休闲区 健身设施 中央空调 空气净化器 自动售卖机 微波炉 冰箱 卫生间配套 办公清,13,公司年检 法律咨询 财税代理 人事代理 人力招聘 投融资服务 运营服务 营销推荐 商务聚会 宣传设计 政策申请 创业辅导 政策顾问,154000,4
无界空间（798）,3,朝阳,酒仙桥,北京朝阳区酒仙桥路10号,39.97876057,116.4923274,17,11.70212766,1700,"65,667.93",258,0.024395404,8,23.96259355,985.89,3.773584906,6,0,0,9,5.11954993,182,30,17,1,2,16,前台接见 办公家具 复印打印 传真 办公宽带 WIFI 会议室 茶水间 休闲区 中央空调 自动售卖机 微波炉 冰箱 卫生间配套 办公清洁 饮用水,13,公司年检 法律咨询 财税代理 人事代理 人力招聘 投融资服务 运营服务 营销推荐 商务聚会 宣传设计 政策申请 创业辅导 政策顾问,58863.26,8
WeWork（电子城·国际电子总部）,3,朝阳,酒仙桥,酒仙桥路6号,39.97943557,116.4854294,22,17.0212766,2200,"68,753.04",406,0.017566408,8,7.088181075,294.79,27.04402516,43,11.11111111,7,16,13.10829817,466,68,2,1,5,22,前台接见 办公家具 复印打印 传真 办公宽带 WIFI 会议室 洽谈室 视频远程会议 咖啡厅 茶水间 书吧 休闲区 健身设施 中央空调 空气净化器 自动售卖机 微波炉 冰箱 卫生间配套 办公清洁 饮用水,0, ,142000,12
创富港（紫光发展大厦),3,朝阳,惠新里,朝阳区惠新东街11号,39.97954419,116.4172927,10,4.255319149,1000,"77,424.24",447,0.040363554,4,17.4450318,718.96,31.44654088,50,9.523809524,6,33,17.60900141,626,83,2,36,3,25,前台接见 办公家具 复印打印 传真 办公宽带 WIFI 会议室 洽谈室 视频远程会议 多功能厅 咖啡厅 茶水间 书吧 休闲区 健身设施 中央空调 空气净化器 自动售卖机 微波炉 冰箱 卫生间配套 办公清,13,公司年检 法律咨询 财税代理 人事代理 人力招聘 投融资服务 运营服务 营销推荐 商务聚会 宣传设计 政策申请 创业辅导 政策顾问,47000,3
尚科创业社区（海淀文化艺术大厦）,4,海淀,知春路,中关村大街28-1号,39.97980971,116.3028899,15,9.574468085,1500,"100,432.09",2007,0.030902317,0,13.71805985,566.32,18.23899371,29,93.65079365,59,139,67.76371308,"2,409",31,0,2,2,16,前台接见 办公家具 复印打印 传真 办公宽带 WIFI 会议室 洽谈室 茶水间 休闲区 中央空调 空气净化器 冰箱 卫生间配套 办公清洁 饮用水,0, ,44124,4
东昌创客中心（朝开商务园）,3,朝阳,酒仙桥,东八间房北岗子环里朝开商务园,39.97989932,116.5236105,14,8.510638298,1400,0,0,0.028124599,1,100,4100.04,0,0,0,0,0,0,0,0,0,0,1,25,前台接见 办公家具 复印打印 传真 办公宽带 WIFI 会议室 洽谈室 视频远程会议 多功能厅 咖啡厅 茶水间 书吧 休闲区 健身设施 中央空调 空气净化器 自动售卖机 微波炉 冰箱 卫生间配套 办公清,0, , ,0
P2·游乐园（e世界SPACE）,4,海淀,中关村,中关村大街11号,39.98021871,116.3093359,8,2.127659574,800,"102,256.84",1652,0.02492896,0,6.268266777,261.21,60.37735849,96,66.66666667,42,272,78.67791842,"2,797",159,9,1,6,21,前台接见 办公家具 复印打印 传真 办公宽带 WIFI 会议室 洽谈室 多功能厅 咖啡厅 茶水间 书吧 休闲区 健身设施 中央空调 空气净化器 自动售卖机 微波炉 冰箱 卫生间配套 办公清洁,12,法律咨询 财税代理 人事代理 人力招聘 投融资服务 运营服务 营销推荐 商务聚会 宣传设计 政策申请 创业辅导 政策顾问,150000,20
你的空间（天创科技大厦）,4,海淀,中关村,海淀区图书城东南侧彩和坊路8号,39.98054971,116.3026969,15,9.574468085,1500,"100,432.09",1756,0.030792328,0,12.0096202,496.35,20.12578616,32,92.06349206,58,216,63.06610408,"2,242",28,0,2,2,17,前台接见 办公家具 复印打印 传真 办公宽带 WIFI 会议室 洽谈室 视频远程会议 多功能厅 茶水间 休闲区 中央空调 微波炉 冰箱 卫生间配套 办公清洁,0, ,67693.2,8
掘金微创业（大恒科技大厦）,4,海淀,苏州街,苏州街3号,39.98085413,116.2992618,13,7.446808511,1300,"97,737.85",1356,0.033895018,0,8.430857882,349.78,22.01257862,35,68.25396825,43,34,40.36568214,"1,435",44,0,1,3,19,前台接见 办公家具 复印打印 传真 办公宽带 WIFI 会议室 洽谈室 视频远程会议 多功能厅 茶水间 空气净化器 微波炉 冰箱 卫生间配套 办公清洁 茶点 免费咖啡 饮用水,13,公司年检 法律咨询 财税代理 人事代理 人力招聘 投融资服务 运营服务 营销推荐 商务聚会 宣传设计 政策申请 创业辅导 政策顾问,50000,10
创业公社（中关村国际创客中心）,4,海淀,中关村,北京海淀区中关村大街15号,39.98086871,116.3054229,15,9.574468085,1500,"100,029.52",1950,0.028157225,0,12.70403243,524.79,51.57232704,82,93.65079365,59,248,78.28410689,"2,783",17,2,2,1,25,前台接见 办公家具 复印打印 传真 办公宽带 WIFI 会议室 洽谈室 视频远程会议 多功能厅 咖啡厅 茶水间 书吧 休闲区 健身设施 中央空调 空气净化器 自动售卖机 微波炉 冰箱 卫生间配套 办公清,0, ,44000,2
创富港（绿创大厦）,4,海淀,苏州街,苏州街1号,39.98185013,116.2993598,13,7.446808511,1300,"97,957.93",1397,0.033482217,0,5.988695047,249.76,38.99371069,62,65.07936508,41,33,38.8466948,"1,381",49,0,2,5,25,前台接见 办公家具 复印打印 传真 办公宽带 WIFI 会议室 洽谈室 视频远程会议 多功能厅 咖啡厅 茶水间 书吧 休闲区 健身设施 中央空调 空气净化器 自动售卖机 微波炉 冰箱 卫生间配套 办公清,13,公司年检 法律咨询 财税代理 人事代理 人力招聘 投融资服务 运营服务 营销推荐 商务聚会 宣传设计 政策申请 创业辅导 政策顾问,5000,4
中关村安快创业谷,4,海淀,中关村,中关村大街18号,39.98196771,116.3114289,18,12.76595745,1800,"102,177.49",1366,0.022259854,0,2.921219372,124.13,70.44025157,112,38.0952381,24,235,57.86216596,"2,057",247,13,3,4,22,前台接见 办公家具 复印打印 传真 办公宽带 WIFI 会议室 洽谈室 视频远程会议 多功能厅 咖啡厅 茶水间 休闲区 健身设施 中央空调 空气净化器 自动售卖机 微波炉 冰箱 卫生间配套 办公清洁 饮,13,公司年检 法律咨询 财税代理 人事代理 人力招聘 投融资服务 运营服务 营销推荐 商务聚会 宣传设计 政策申请 创业辅导 政策顾问,200000,9
3W Coffice（中关村创业大街）,4,海淀,中关村,北京市海淀区海淀西大街39号,39.98199013,116.3010508,17,11.70212766,1700,"100,613.61",1354,0.031832834,0,6.777111743,282.05,38.99371069,62,82.53968254,52,40,47.39803094,"1,685",31,0,2,1,22,前台接见 办公家具 复印打印 传真 办公宽带 WIFI 会议室 洽谈室 视频远程会议 多功能厅 咖啡厅 茶水间 书吧 休闲区 健身设施 中央空调 空气净化器 自动售卖机 微波炉 冰箱 卫生间配套 办公清,0, , ,0
华灿工场（海龙大厦）,4,海淀,中关村,中关村大街中关村地铁口往南100米,39.98211271,116.3094229,11,5.319148936,1100,"101,032.47",1597,0.023998907,0,2.512483061,107.39,69.18238994,110,58.73015873,37,249,65.76652602,"2,338",163,12,13,7,15,办公家具 复印打印 办公宽带 WIFI 会议室 多功能厅 茶水间 休闲区 中央空调 自动售卖机 微波炉 冰箱 办公清洁 茶点 饮用水,9,法律咨询 财税代理 人事代理 人力招聘 投融资服务 运营服务 宣传设计 政策申请 政策顾问,73000,9
优客工场（海龙大厦）,4,海淀,中关村,中关村大街中关村地铁口往南100米,39.98221071,116.3093489,18,12.76595745,1800,"101,032.47",1654,0.024025293,0,2.575966598,109.99,69.18238994,110,61.9047619,39,244,65.99156118,"2,346",157,10,14,2,6,前台接见 办公宽带 WIFI 咖啡厅 健身设施 中央空调,3,法律咨询 财税代理 人事代理,73000,9
氪空间（中关村创业大街）,4,海淀,中关村,北京市海淀区海淀西大街39号,39.98232713,116.3005598,24,19.14893617,2400,"98,527.07",1438,0.032193711,0,5.456898341,227.98,35.8490566,57,71.42857143,45,36,40.50632911,"1,440",41,0,2,15,16,前台接见 办公家具 复印打印 办公宽带 WIFI 会议室 洽谈室 多功能厅 咖啡厅 茶水间 书吧 休闲区 中央空调 微波炉 冰箱 办公清洁,7,投融资服务 营销推荐 商务聚会 宣传设计 政策申请 创业辅导 政策顾问, ,0
创业邦（中关村创业大街）,4,海淀,中关村,北京市海淀区海淀西大街39号,39.98239913,116.3006608,17,11.70212766,1700,"100,096.97",1438,0.032075548,0,5.42442407,226.65,35.8490566,57,71.42857143,45,37,40.42194093,"1,437",39,0,2,1,15,前台接见 办公家具 复印打印 传真 办公宽带 WIFI 会议室 洽谈室 茶水间 休闲区 中央空调 微波炉 冰箱 卫生间配套 办公清洁,0, , ,0
车库咖啡（中关村创业大街）,4,海淀,中关村,北京市海淀区海淀西大街39号,39.98239913,116.3006608,15,9.574468085,1500,"100,096.97",1438,0.032075548,0,5.42442407,226.65,35.8490566,57,71.42857143,45,37,40.42194093,"1,437",39,0,2,16,20,前台接见 办公家具 复印打印 传真 办公宽带 WIFI 会议室 咖啡厅 茶水间 书吧 休闲区 健身设施 中央空调 空气净化器 自动售卖机 微波炉 冰箱 卫生间配套 办公清洁 饮用水,13,公司年检 法律咨询 财税代理 人事代理 人力招聘 投融资服务 运营服务 营销推荐 商务聚会 宣传设计 政策申请 创业辅导 政策顾问, ,0
太库 Techcode（鼎好电子大厦）,4,海淀,中关村,海淀大街3号,39.98256171,116.3077889,16,10.63829787,1600,"100,186.50",1683,0.025317632,0,6.139346364,255.93,68.55345912,109,76.19047619,48,240,63.26300985,"2,249",82,9,17,6,22,前台接见 办公家具 复印打印 传真 办公宽带 WIFI 会议室 洽谈室 视频远程会议 多功能厅 咖啡厅 茶水间 书吧 休闲区 中央空调 空气净化器 自动售卖机 微波炉 冰箱 卫生间配套 办公清洁 饮用水,13,公司年检 法律咨询 财税代理 人事代理 人力招聘 投融资服务 运营服务 营销推荐 商务聚会 宣传设计 政策申请 创业辅导 政策顾问,91218,5
京仪融创汇（酒仙桥·电子城研发中心）,3,朝阳,酒仙桥,东路9号院临近兆维大厦、798艺术区,39.98280257,116.4883454,6,0,600,"69,456.49",641,0.021040784,8,16.54503058,682.1,19.49685535,31,1.587301587,1,58,24.44444444,869,49,2,1,1,14,办公家具 复印打印 传真 办公宽带 WIFI 会议室 洽谈室 茶水间 休闲区 中央空调 空气净化器 卫生间配套 办公清洁 饮用水,11,公司年检 法律咨询 财税代理 人事代理 人力招聘 投融资服务 运营服务 营销推荐 政策申请 创业辅导 政策顾问,29300,4
你的空间（左岸工社）,4,海淀,中关村,海淀区北四环西路68号,39.98298713,116.2990968,15,9.574468085,1500,"97,169.16",1385,0.03340199,0,3.344605731,141.47,33.33333333,53,60.31746032,38,31,38.67791842,"1,375",51,0,2,2,25,前台接见 办公家具 复印打印 传真 办公宽带 WIFI 会议室 洽谈室 视频远程会议 多功能厅 咖啡厅 茶水间 书吧 休闲区 健身设施 中央空调 空气净化器 自动售卖机 微波炉 冰箱 卫生间配套 办公清,13,公司年检 法律咨询 财税代理 人事代理 人力招聘 投融资服务 运营服务 营销推荐 商务聚会 宣传设计 政策申请 创业辅导 政策顾问,70000,6
索易·商捷（ 融科资讯中心）,4,海淀,五道口,科学院南路2号,39.98330048,116.319869,60,57.44680851,6000,"104,110.30",451,0.014401151,0,21.09387018,868.4,39.62264151,63,22.22222222,14,23,16.06188467,571,132,8,9,2,25,前台接见 办公家具 复印打印 传真 办公宽带 WIFI 会议室 洽谈室 视频远程会议 多功能厅 咖啡厅 茶水间 书吧 休闲区 健身设施 中央空调 空气净化器 自动售卖机 微波炉 冰箱 卫生间配套 办公清,13,公司年检 法律咨询 财税代理 人事代理 人力招聘 投融资服务 运营服务 营销推荐 商务聚会 宣传设计 政策申请 创业辅导 政策顾问,95000,8
WeWork（望京）,3,朝阳,其他,广顺南大街16号院,39.9847525,116.4750955,25,20.21276596,2500,"72,960.99",713,0.010108814,8,2.731989598,116.38,32.70440252,52,17.46031746,11,29,19.15611814,681,33,1,2,2,25,前台接见 办公家具 复印打印 传真 办公宽带 WIFI 会议室 洽谈室 视频远程会议 多功能厅 咖啡厅 茶水间 书吧 休闲区 健身设施 中央空调 空气净化器 自动售卖机 微波炉 冰箱 卫生间配套 办公清,0, ,36549.2,8
FUNWORK?北京?国际会议中心,3,朝阳,安慧桥,北四环中路8号,39.98757505,116.395516,25,20.21276596,2500,"68,566.48",382,0.056956288,5,20.95152055,862.57,16.35220126,26,19.04761905,12,37,12.9395218,460,16,4,2,4,22,前台接见 办公家具 复印打印 传真 办公宽带 WIFI 会议室 洽谈室 视频远程会议 多功能厅 咖啡厅 茶水间 书吧 休闲区 中央空调 空气净化器 自动售卖机 微波炉 冰箱 卫生间配套 办公清洁 饮用水,13,公司年检 法律咨询 财税代理 人事代理 人力招聘 投融资服务 运营服务 营销推荐 商务聚会 宣传设计 政策申请 创业辅导 政策顾问,60000,4
梦想加（五矿大厦）,3,朝阳,安慧桥,安慧里四区15号,39.98786259,116.4065336,22,17.0212766,2200,"75,018.55",990,0.052231918,4,10.855929,449.1,28.93081761,46,11.11111111,7,24,15.94936709,567,48,0,0,1,13,前台接见 办公家具 复印打印 传真 视频远程会议 茶水间 书吧 休闲区 中央空调 微波炉 卫生间配套 办公清洁 茶点,0, ,36000,2
优客工场（首华大厦）,3,朝阳,亚运村,朝阳区北四环东路115号院,39.98823959,116.4114446,15,9.574468085,1500,"77,384.90",926,0.050547899,4,4.511726142,189.27,51.57232704,82,7.936507937,5,124,23.12236287,822,82,0,0,3,25,前台接见 办公家具 复印打印 传真 办公宽带 WIFI 会议室 洽谈室 视频远程会议 多功能厅 咖啡厅 茶水间 书吧 休闲区 健身设施 中央空调 空气净化器 自动售卖机 微波炉 冰箱 卫生间配套 办公清,13,公司年检 法律咨询 财税代理 人事代理 人力招聘 投融资服务 运营服务 营销推荐 商务聚会 宣传设计 政策申请 创业辅导 政策顾问,16200,6
WeWork（望京国际商业中心）,3,朝阳,望京,望京街9号,39.98861828,116.4784052,28,23.40425532,2800,"71,447.57",663,0.015188188,8,13.50905251,557.76,40.88050314,65,19.04761905,12,217,17.89029536,636,19,1,2,11,25,前台接见 办公家具 复印打印 传真 办公宽带 WIFI 会议室 洽谈室 视频远程会议 多功能厅 咖啡厅 茶水间 书吧 休闲区 健身设施 中央空调 空气净化器 自动售卖机 微波炉 冰箱 卫生间配套 办公清,13,公司年检 法律咨询 财税代理 人事代理 人力招聘 投融资服务 运营服务 营销推荐 商务聚会 宣传设计 政策申请 创业辅导 政策顾问,181000,12
雷格斯（利星行广场）,3,朝阳,望京,望京街8号,39.99277428,116.4763252,50,46.80851064,5000,"74,132.61",302,0.017334307,8,19.16006397,789.2,13.20754717,21,12.6984127,8,219,18.03094233,641,18,1,0,4,19,前台接见 办公家具 复印打印 传真 办公宽带 WIFI 会议室 洽谈室 多功能厅 茶水间 休闲区 中央空调 空气净化器 自动售卖机 微波炉 冰箱 卫生间配套 办公清洁 饮用水,5,财税代理 营销推荐 商务聚会 宣传设计 创业辅导,175204.22,4
Plug and Play硅谷孵化加速中心（中关村智造大街）,4,海淀,五道口,成府路45号,39.99398533,116.3282411,10,4.255319149,1000,"93,896.07",967,0.003476786,0,9.684901906,401.14,24.52830189,39,22.22222222,14,36,45.00703235,"1,600",49,6,38,5,23,前台接见 办公家具 复印打印 传真 办公宽带 WIFI 会议室 洽谈室 视频远程会议 多功能厅 咖啡厅 茶水间 书吧 休闲区 健身设施 中央空调 空气净化器 自动售卖机 微波炉 冰箱 卫生间配套 办公清,13,公司年检 法律咨询 财税代理 人事代理 人力招聘 投融资服务 运营服务 营销推荐 商务聚会 宣传设计 政策申请 创业辅导 政策顾问, ,0
你的空间（望京SOHO）,3,朝阳,望京,望京街10号,39.99549428,116.4753332,26,21.27659574,2600,"74,208.65",220,0.019361191,8,18.2026834,749.99,6.289308176,10,6.349206349,4,27,12.57383966,447,52,1,0,2,18,前台接见 办公家具 复印打印 传真 办公宽带 WIFI 会议室 洽谈室 视频远程会议 多功能厅 茶水间 休闲区 中央空调 微波炉 冰箱 卫生间配套 办公清洁 饮用水,4,公司年检 法律咨询 财税代理 人事代理,364169,12
洪泰创新空间（鹏景阁大厦),3,朝阳,望京,湖光中街1号,39.99621437,116.4607935,16,10.63829787,1600,"74,922.49",551,0.019953731,8,2.598674171,110.92,87.42138365,139,11.11111111,7,35,28.46694796,"1,012",78,0,0,2,22,前台接见 办公家具 复印打印 传真 办公宽带 WIFI 会议室 洽谈室 视频远程会议 多功能厅 咖啡厅 茶水间 书吧 休闲区 健身设施 中央空调 自动售卖机 微波炉 冰箱 卫生间配套 办公清洁 饮用水,13,公司年检 法律咨询 财税代理 人事代理 人力招聘 投融资服务 运营服务 营销推荐 商务聚会 宣传设计 政策申请 创业辅导 政策顾问,17000,0
IBC商务中心（天创世缘）,3,朝阳,亚运村,大屯路甲21号慧中里C区,39.99757662,116.3999499,11,5.319148936,1100,"70,032.13",662,0.063891521,4,9.709562818,402.15,80.50314465,128,15.87301587,10,34,26.4978903,942,239,0,0,3,25,前台接见 办公家具 复印打印 传真 办公宽带 WIFI 会议室 洽谈室 视频远程会议 多功能厅 咖啡厅 茶水间 书吧 休闲区 健身设施 中央空调 空气净化器 自动售卖机 微波炉 冰箱 卫生间配套 办公清,0, ,172421,3
纳什空间（SPACE.悠乐汇）,3,朝阳,望京,广顺南大街与朝顺北路交叉处,39.998067,116.4772,20,14.89361702,2000,"96,672.37",1335,0.034793745,0,2.894849288,123.05,36.47798742,58,23.80952381,15,43,35.02109705,"1,245",94,0,10,11,19,前台接见 办公家具 复印打印 传真 办公宽带 WIFI 会议室 洽谈室 视频远程会议 多功能厅 咖啡厅 茶水间 书吧 休闲区 中央空调 微波炉 冰箱 卫生间配套 办公清洁,13,公司年检 法律咨询 财税代理 人事代理 人力招聘 投融资服务 运营服务 营销推荐 商务聚会 宣传设计 政策申请 创业辅导 政策顾问,218000,6
小样青年社区（清华同方科技广场）,4,海淀,五道口,王庄路1号,39.99819987,116.3331682,18,12.76595745,1800,"88,103.10",354,0.006334158,0,2.711479533,115.54,15.72327044,25,7.936507937,5,10,11.1673699,397,64,5,37,5,25,前台接见 办公家具 复印打印 传真 办公宽带 WIFI 会议室 洽谈室 视频远程会议 多功能厅 咖啡厅 茶水间 书吧 休闲区 健身设施 中央空调 空气净化器 自动售卖机 微波炉 冰箱 卫生间配套 办公清,13,公司年检 法律咨询 财税代理 人事代理 人力招聘 投融资服务 运营服务 营销推荐 商务聚会 宣传设计 政策申请 创业辅导 政策顾问,110204,12
海瑞格国际商务中心（绿地中心）,3,朝阳,望京,大望京3号,39.99865714,116.4825393,20,14.89361702,2000,"75,657.32",237,0.025618277,8,6.134218847,255.72,0,0,0,0,5,1.856540084,66,27,0,0,6,6,办公家具 办公宽带 会议室 茶水间 休闲区 办公清洁,0, ,510000,8
纳什空间（SPACE·鸟巢）,3,朝阳,亚运村,北辰西路8号院2号,39.99912531,116.3816551,20,14.89361702,2000,"72,661.83",153,0.050921518,0,9.544505622,395.39,25.1572327,40,14.28571429,9,13,5.963431786,212,16,2,0,5,18,前台接见 办公家具 复印打印 传真 办公宽带 WIFI 会议室 洽谈室 茶水间 书吧 休闲区 中央空调 自动售卖机 微波炉 冰箱 卫生间配套 办公清洁 饮用水,4,公司年检 法律咨询 财税代理 人事代理,99905,30
丰收物业（冠军城）,3,朝阳,南沙滩,66号,39.99993067,116.3654871,6,0,600,"84,850.18",401,0.035143342,0,6.444067341,268.41,44.65408805,71,14.28571429,9,28,10.66104079,379,46,7,0,1,12,前台接见 办公家具 复印打印 办公宽带 WIFI 会议室 洽谈室 中央空调 微波炉 冰箱 卫生间配套 办公清洁,0, , ,0
纳什空间（SPACE·博泰国际）,3,朝阳,望京,朝阳区南湖北街122号,40.00066692,116.4603323,15,9.574468085,1500,"75,922.89",497,0.024302957,8,11.21656432,463.87,87.42138365,139,17.46031746,11,27,22.9254571,815,81,0,0,5,22,前台接见 办公家具 复印打印 传真 办公宽带 WIFI 会议室 洽谈室 视频远程会议 多功能厅 咖啡厅 茶水间 书吧 休闲区 中央空调 空气净化器 自动售卖机 微波炉 冰箱 卫生间配套 办公清洁 饮用水,13,公司年检 法律咨询 财税代理 人事代理 人力招聘 投融资服务 运营服务 营销推荐 商务聚会 宣传设计 政策申请 创业辅导 政策顾问,30000,3
无界空间（博泰店）,3,朝阳,望京,望京西园221号,40.00086478,116.4667007,17,11.70212766,1700,"76,342.72",506,0.023306826,8,11.10278229,459.21,53.4591195,85,15.87301587,10,38,20.19690577,718,121,3,0,4,18,前台接见 办公家具 复印打印 传真 办公宽带 WIFI 会议室 洽谈室 茶水间 书吧 休闲区 中央空调 空气净化器 微波炉 冰箱 卫生间配套 办公清洁 饮用水,13,公司年检 法律咨询 财税代理 人事代理 人力招聘 投融资服务 运营服务 营销推荐 商务聚会 宣传设计 政策申请 创业辅导 政策顾问,24000,4
IBC商务中心（星源国际）,3,朝阳,望京,北京市朝阳区广顺北大街222号,40.00113792,116.4621173,8,2.127659574,800,"76,411.81",460,0.024259998,8,9.692959432,401.47,78.6163522,125,15.87301587,10,25,22.02531646,783,56,1,0,4,25,前台接见 办公家具 复印打印 传真 办公宽带 WIFI 会议室 洽谈室 视频远程会议 多功能厅 咖啡厅 茶水间 书吧 休闲区 健身设施 中央空调 空气净化器 自动售卖机 微波炉 冰箱 卫生间配套 办公清,0, ,13000,2
梦想加（望京彩虹桥）,3,朝阳,望京,广顺北大街36号,40.00241992,116.4621653,22,17.0212766,2200,"75,778.56",407,0.025495179,8,12.60709795,520.82,76.72955975,122,22.22222222,14,27,18.73417722,666,53,1,0,9,25,前台接见 办公家具 复印打印 传真 办公宽带 WIFI 会议室 洽谈室 视频远程会议 多功能厅 咖啡厅 茶水间 书吧 休闲区 健身设施 中央空调 空气净化器 自动售卖机 微波炉 冰箱 卫生间配套 办公清,0, , ,0
C+7号创客空间（新奥下沉花园）,3,朝阳,奥运村,北中轴景观大道1号,40.00284599,116.3875892,8,2.127659574,800,"71,341.17",88,0.057379987,0,7.485929851,311.08,13.83647799,22,0,0,13,3.122362869,111,1,4,0,10,25,前台接见 办公家具 复印打印 传真 办公宽带 WIFI 会议室 洽谈室 视频远程会议 多功能厅 咖啡厅 茶水间 书吧 休闲区 健身设施 中央空调 空气净化器 自动售卖机 微波炉 冰箱 卫生间配套 办公清,13,公司年检 法律咨询 财税代理 人事代理 人力招聘 投融资服务 运营服务 营销推荐 商务聚会 宣传设计 政策申请 创业辅导 政策顾问, ,2
侠客岛（望京岛）,3,朝阳,望京,望京东路1号,40.00541308,116.4785233,18,12.76595745,1800,"74,551.98",79,0.029758962,8,12.99508003,536.71,4.402515723,7,1.587301587,1,1,2.278481013,81,22,0,0,8,21,前台接见 办公家具 复印打印 办公宽带 WIFI 会议室 洽谈室 多功能厅 咖啡厅 茶水间 书吧 休闲区 健身设施 中央空调 自动售卖机 微波炉 冰箱 卫生间配套 办公清洁 茶点 饮用水,13,公司年检 法律咨询 财税代理 人事代理 人力招聘 投融资服务 运营服务 营销推荐 商务聚会 宣传设计 政策申请 创业辅导 政策顾问, ,0
国际人才创新创业港（中护航大厦）,3,朝阳,望京,利泽东路5号,40.00627314,116.4856103,25,20.21276596,2500,"81,548.13",15,0.033677008,8,18.01931365,742.48,1.257861635,2,0,0,0,0.675105485,24,4,0,0,6,24,前台接见 办公家具 复印打印 传真 办公宽带 WIFI 会议室 洽谈室 视频远程会议 多功能厅 咖啡厅 茶水间 书吧 休闲区 健身设施 中央空调 空气净化器 自动售卖机 微波炉 冰箱 卫生间配套 办公清,13,公司年检 法律咨询 财税代理 人事代理 人力招聘 投融资服务 运营服务 营销推荐 商务聚会 宣传设计 政策申请 创业辅导 政策顾问, ,0
优客工场（圣熙八号）,4,海淀,学院路,海淀区学清路甲8号,40.00757688,116.3471439,15,9.574468085,1500,"81,144.60",571,0.022160241,0,19.273846,793.86,14.46540881,23,6.349206349,4,68,19.46554149,692,65,10,11,12,22,前台接见 办公家具 复印打印 传真 办公宽带 WIFI 会议室 洽谈室 视频远程会议 多功能厅 咖啡厅 茶水间 书吧 休闲区 中央空调 空气净化器 自动售卖机 微波炉 冰箱 卫生间配套 办公清洁 饮用水,13,公司年检 法律咨询 财税代理 人事代理 人力招聘 投融资服务 运营服务 营销推荐 商务聚会 宣传设计 政策申请 创业辅导 政策顾问,5000,0
星空时间望京科技园店,3,朝阳,望京,利泽中二路利泽中园108,40.01071676,116.4678858,21,15.95744681,2100,"78,226.30",384,0.033124843,8,16.74182955,690.16,35.22012579,56,4.761904762,3,16,9.451476793,336,35,0,0,2,18,前台接见 办公家具 复印打印 传真 办公宽带 WIFI 会议室 洽谈室 茶水间 休闲区 中央空调 空气净化器 微波炉 冰箱 卫生间配套 办公清洁 免费咖啡 饮用水,0, ,20000,2
